slug,header_menu_item_1_fixed,header_menu_item_2_fixed,header_menu_item_3_fixed,header_menu_item_4_fixed,header_cta
50pribyli,Выгоды,Условия,Структура,Документы,Инвест-PDF
50pribylirenta,Идея,Формат,Модель,Документы,Скачать презентацию
aktivvportfel,О фонде,Участие,Модель,Документы,PDF фонда
aktivyfondagoldex,О фонде,Условия,Как работает,Выход,Презентация фонда
aktivynabalanse,О фонде,Условия,Как работает,Выход,Презентация фонда
aktivzashchity,Основа,Параметры,Механика,Выход,Получить презентацию
alternativadepozitu,Идея,Формат,Модель,Документы,Скачать презентацию
alternativadlyakapitala,Основа,Параметры,Механика,Выход,Получить презентацию
alternativadlyakvala,О фонде,Участие,Модель,Документы,PDF фонда
alternativaetf,О фонде,Участие,Модель,Документы,PDF фонда
alternativanedvizhimosti,О фонде,Участие,Модель,Документы,PDF фонда
alternativaobligaciyam,О фонде,Условия,Как работает,Выход,Презентация фонда
alternativapristavke,Выгоды,Условия,Структура,Документы,Инвест-PDF
alternativaslitkam,Основа,Параметры,Механика,Выход,Получить презентацию
alternativavkladugoldex,Основа,Параметры,Механика,Выход,Получить презентацию
alternativazolotu,Выгоды,Условия,Структура,Документы,Инвест-PDF
antiinflyacionnayastrategiya,Идея,Формат,Модель,Документы,Скачать презентацию
antiinflyacionnyaktiv,Основа,Параметры,Механика,Выход,Получить презентацию
antiinflyaciya,Основа,Параметры,Механика,Выход,Получить презентацию
antyinflyacionnoezoloto,Выгоды,Условия,Структура,Документы,Инвест-PDF
arendairenta,О фонде,Условия,Как работает,Выход,Презентация фонда
balansfonda,О фонде,Участие,Модель,Документы,PDF фонда
balansportfelya,Идея,Формат,Модель,Документы,Скачать презентацию
bankovskiprodukt,Идея,Формат,Модель,Документы,Скачать презентацию
bankovskiyvklad,Идея,Формат,Модель,Документы,Скачать презентацию
bazovyerynki,Основа,Параметры,Механика,Выход,Получить презентацию
bezdepozitnoylogiki,Основа,Параметры,Механика,Выход,Получить презентацию
bezprolongacii,Основа,Параметры,Механика,Выход,Получить презентацию
bezzkladnoylogiki,О фонде,Участие,Модель,Документы,PDF фонда
birzhevoezoloto,Выгоды,Условия,Структура,Документы,Инвест-PDF
birzhevoyprodukt,О фонде,Участие,Модель,Документы,PDF фонда
birzhevoyvyhod,Идея,Формат,Модель,Документы,Скачать презентацию
biznesmodelgoldex,Идея,Формат,Модель,Документы,Инвест-PDF
bolshechembank,О фонде,Условия,Как работает,Выход,Презентация фонда
bolshechemdepozit,Выгоды,Условия,Структура,Документы,Инвест-PDF
bolshechemrynok,О фонде,Условия,Как работает,Выход,Презентация фонда
bolshechemstavka,Выгоды,Условия,Структура,Документы,Инвест-PDF
bolshechemvklad,Выгоды,Условия,Структура,Документы,Инвест-PDF
bolshedohoda,О фонде,Участие,Модель,Документы,PDF фонда
bolshevkladastrateg,О фонде,Условия,Как работает,Выход,Презентация фонда
bolshieinvesticii,О фонде,Участие,Модель,Документы,PDF фонда
bolshoykapital,Идея,Формат,Модель,Документы,Скачать презентацию
cashflowgoldex,Основа,Параметры,Механика,Выход,Получить презентацию
cashflowinvestora,Основа,Параметры,Механика,Выход,Получить презентацию
chastichnyvykup,О фонде,Условия,Как работает,Выход,Презентация фонда
chastnyinvestor,Идея,Формат,Модель,Документы,Скачать презентацию
chastnykapital,О фонде,Участие,Модель,Документы,Скачать презентацию
chemzamenitvklad,О фонде,Участие,Модель,Документы,PDF фонда
chtokupitvmesto,О фонде,Участие,Модель,Документы,PDF фонда
chtonuzhnodlyakvala,Идея,Формат,Модель,Документы,Скачать презентацию
chtovmestovklada,Идея,Формат,Модель,Документы,Скачать презентацию
chtovybratgoldex,Выгоды,Условия,Структура,Документы,Инвест-PDF
denegivmestovklada,Основа,Параметры,Механика,Выход,Получить презентацию
denezhnyipotok,Основа,Параметры,Механика,Выход,Получить презентацию
denezhnyipotokfonda,Идея,Формат,Модель,Документы,Скачать презентацию
denezhnyypotokkv,Выгоды,Условия,Структура,Документы,Инвест-PDF
dengiotobescenivaniya,О фонде,Условия,Как работает,Выход,Презентация фонда
dengipokvartalno,Выгоды,Условия,Структура,Документы,Инвест-PDF
dengiposlevklada,Выгоды,Условия,Структура,Документы,Инвест-PDF
dengipristavke,О фонде,Условия,Как работает,Выход,Презентация фонда
depozitbezbanki,Основа,Параметры,Механика,Выход,Получить презентацию
depozitdrugoyformat,О фонде,Условия,Как работает,Выход,Презентация фонда
depozitilikapital,О фонде,Участие,Модель,Документы,PDF фонда
depozititalternativa,Идея,Формат,Модель,Документы,Скачать презентацию
depozitnayamodel,Выгоды,Условия,Структура,Документы,Инвест-PDF
depozitovoyalternative,О фонде,Условия,Как работает,Выход,Презентация фонда
depozitunazamenu,О фонде,Условия,Как работает,Выход,Презентация фонда
depozitunazmenu,О фонде,Условия,Как работает,Выход,Презентация фонда
devvalrisk,Выгоды,Условия,Структура,Документы,Инвест-PDF
dohodbezruchnogo,Идея,Формат,Модель,Документы,Скачать презентацию
dohodbezugolov,О фонде,Участие,Модель,Документы,PDF фонда
dohodcherezopcion,Основа,Параметры,Механика,Выход,Получить презентацию
dohodcherezvykup,Выгоды,Условия,Структура,Документы,Инвест-PDF
dohoddlyainvestora,О фонде,Участие,Модель,Документы,Получить презентацию
dohoddlyakvala,О фонде,Участие,Модель,Документы,PDF фонда
dohodfondagoldex,Выгоды,Условия,Структура,Документы,Инвест-PDF
dohodgoldex,О фонде,Условия,Как работает,Выход,Презентация фонда
dohodikapital,Выгоды,Условия,Структура,Документы,Инвест-PDF
dohodinvestora,Выгоды,Условия,Структура,Документы,Инвест-PDF
dohodivyhod,Основа,Параметры,Механика,Выход,Получить презентацию
dohodizashchita,Идея,Формат,Модель,Документы,Скачать презентацию
dohodnadvkladom,Выгоды,Условия,Структура,Документы,Инвест-PDF
dohodnayaalternativa,Выгоды,Условия,Структура,Документы,Инвест-PDF
dohodnayamehanika,Выгоды,Условия,Структура,Документы,Инвест-PDF
dohodnayamodelfonda,О фонде,Условия,Как работает,Выход,Презентация фонда
dohodnayanedvizhimost,Идея,Формат,Модель,Документы,Скачать презентацию
dohodnostdlyakvala,О фонде,Участие,Модель,Документы,PDF фонда
dohodnyipotencial,Идея,Формат,Модель,Документы,Скачать презентацию
dohodnyprodukt,Идея,Формат,Модель,Документы,Скачать презентацию
dohodnyyformat,О фонде,Участие,Модель,Документы,PDF фонда
dohodnyykval,Идея,Формат,Модель,Документы,Скачать презентацию
dohodnyyvmestodepozita,Основа,Параметры,Механика,Выход,Получить презентацию
dohodpokvartalno,О фонде,Участие,Модель,Документы,PDF фонда
dohodposlestatusa,О фонде,Условия,Как работает,Выход,Презентация фонда
dohodpotokirr,Идея,Формат,Модель,Документы,Скачать презентацию
dohodpristavke,О фонде,Условия,Как работает,Выход,Скачать презентацию
dohodsvyplatami,О фонде,Условия,Как работает,Выход,Презентация фонда
dohodvmestodepozita,Выгоды,Условия,Структура,Документы,Инвест-PDF
dohodvmestovklada,О фонде,Участие,Модель,Документы,PDF фонда
dohodvyshevklada,Основа,Параметры,Механика,Выход,Получить презентацию
dokumentydlyagoldex,О фонде,Условия,Как работает,Выход,Презентация фонда
dokumentydlyavhoda,Идея,Формат,Модель,Документы,Скачать презентацию
dokumentykvala,Выгоды,Условия,Структура,Документы,Инвест-PDF
dolgayazashchita,Идея,Формат,Модель,Документы,Скачать презентацию
dolgiedengi,Основа,Параметры,Механика,Выход,Получить презентацию
dolgovieinstrumenty,О фонде,Условия,Как работает,Выход,Презентация фонда
dolyakapitala,Выгоды,Условия,Структура,Документы,Инвест-PDF
dolyivykup,Выгоды,Условия,Структура,Документы,Инвест-PDF
dopolnitelnyvyhod,Основа,Параметры,Механика,Выход,Получить презентацию
dopuskkinvesticiyam,Выгоды,Условия,Структура,Документы,Инвест-PDF
dorogiedengi,Выгоды,Условия,Структура,Документы,Инвест-PDF
dorogoyrynok,О фонде,Условия,Как работает,Выход,Презентация фонда
dosrochnayalikvidnost,Выгоды,Условия,Структура,Документы,Инвест-PDF
dosrochnyyvyhod,Выгоды,Условия,Структура,Документы,Инвест-PDF
dostupkinstrumentam,О фонде,Участие,Модель,Документы,PDF фонда
dostupkzolotu,Выгоды,Условия,Структура,Документы,Инвест-PDF
drugoechemvklad,Идея,Формат,Модель,Документы,Скачать презентацию
ekonomikagoldex,Основа,Параметры,Механика,Выход,Получить презентацию
etfiligoldex,О фонде,Условия,Как работает,Выход,Презентация фонда
etfilireshenie,Идея,Формат,Модель,Документы,Скачать презентацию
fiksirovannydohod,Основа,Параметры,Механика,Выход,Презентация фонда
finalnyvykup,О фонде,Условия,Как работает,Выход,Презентация фонда
finmodelgoldex,О фонде,Условия,Как работает,Выход,Презентация фонда
fizicheskoezolotogoldex,О фонде,Участие,Модель,Документы,PDF фонда
fizicheskoezolotoiligoldex,О фонде,Условия,Как работает,Выход,Презентация фонда
fondidayutpotok,О фонде,Участие,Модель,Документы,PDF фонда
fondipribyl,О фонде,Условия,Как работает,Выход,Презентация фонда
fondnazoloto,Основа,Параметры,Механика,Выход,PDF фонда
fondovayamodel,Выгоды,Условия,Структура,Документы,PDF фонда
fondovayamodeldohoda,О фонде,Участие,Модель,Документы,Презентация фонда
fondovayashema,Основа,Параметры,Механика,Выход,Получить презентацию
fondpoluchaetdohod,О фонде,Условия,Как работает,Выход,Презентация фонда
fondsimushchestvom,Основа,Параметры,Механика,Выход,Получить презентацию
fondsopcionom,О фонде,Условия,Как работает,Выход,Инвест-PDF
fondsrentoy,Идея,Формат,Модель,Документы,Скачать презентацию
fondsvykupom,Выгоды,Условия,Структура,Документы,Инвест-PDF
fondzolotomatov,О фонде,Участие,Модель,Документы,PDF фонда
formatdlyakapitala,О фонде,Участие,Модель,Документы,PDF фонда
formatdlyakvala,Основа,Параметры,Механика,Выход,Получить презентацию
formatvykupa,О фонде,Условия,Как работает,Выход,Инвест-PDF
garantvyykupa,Основа,Параметры,Механика,Выход,Инвест-PDF
gdeiskatdohodnost,Основа,Параметры,Механика,Выход,Получить презентацию
gdeiskatkvalu,Основа,Параметры,Механика,Выход,Получить презентацию
gdeparkovatsummu,О фонде,Участие,Модель,Документы,PDF фонда
geopoliticheskayanestabilnost,О фонде,Участие,Модель,Документы,PDF фонда
geopoliticheskiyperiod,О фонде,Условия,Как работает,Выход,Презентация фонда
geopoliticheskoedavlenie,Выгоды,Условия,Структура,Документы,Инвест-PDF
geopolitikakapitala,Идея,Формат,Модель,Документы,Скачать презентацию
goldexaktiv,Выгоды,Условия,Структура,Документы,Инвест-PDF
goldexantiinflyaciya,Основа,Параметры,Механика,Выход,PDF фонда
goldexbezsekreta,Идея,Формат,Модель,Документы,Скачать презентацию
goldexdlyakapitala,Идея,Формат,Модель,Документы,Скачать презентацию
goldexdlyakogo,Основа,Параметры,Механика,Выход,Получить презентацию
goldexdohod,О фонде,Участие,Модель,Документы,PDF фонда
goldexdohodnost,Основа,Параметры,Механика,Выход,Получить презентацию
goldexdokumenty,О фонде,Участие,Модель,Документы,PDF фонда
goldexfond,Выгоды,Условия,Структура,Документы,Инвест-PDF
goldexgold,Идея,Формат,Модель,Документы,Скачать презентацию
goldexilietf,Основа,Параметры,Механика,Выход,Получить презентацию
goldexilimonety,О фонде,Участие,Модель,Документы,PDF фонда
goldexilinedvizhimost,Основа,Параметры,Механика,Выход,Скачать презентацию
goldexiliobligacii,О фонде,Условия,Как работает,Выход,Презентация фонда
goldexilislitki,О фонде,Участие,Модель,Документы,PDF фонда
goldexilivklad,Основа,Параметры,Механика,Выход,Получить презентацию
goldexilizoloto,О фонде,Условия,Как работает,Выход,Презентация фонда
goldexinvest,О фонде,Участие,Модель,Документы,PDF фонда
goldexkapital,О фонде,Участие,Модель,Документы,PDF фонда
goldexkval,Идея,Формат,Модель,Документы,Скачать презентацию
goldexkvartal,Идея,Формат,Модель,Документы,Скачать презентацию
goldexlikvidnost,Основа,Параметры,Механика,Выход,Получить презентацию
goldexmehanika,Выгоды,Условия,Структура,Документы,Инвест-PDF
goldexmodel,Основа,Параметры,Механика,Выход,Получить презентацию
goldexmoex,О фонде,Участие,Модель,Документы,PDF фонда
goldexneetf,О фонде,Условия,Как работает,Выход,Презентация фонда
goldexopcion,О фонде,Участие,Модель,Документы,PDF фонда
goldexpai,О фонде,Условия,Как работает,Выход,Презентация фонда
goldexpoformule,О фонде,Условия,Как работает,Выход,Презентация фонда
goldexpokupaet,О фонде,Участие,Модель,Документы,PDF фонда
goldexpotok,О фонде,Условия,Как работает,Выход,Презентация фонда
goldexprodukt,О фонде,Участие,Модель,Документы,PDF фонда
goldexprotivetf,Основа,Параметры,Механика,Выход,Получить презентацию
goldexprotivnedvizhimosti,Выгоды,Условия,Структура,Документы,Инвест-PDF
goldexprotivobligaciy,Выгоды,Условия,Структура,Документы,Инвест-PDF
goldexprotivrublya,О фонде,Условия,Как работает,Выход,Презентация фонда
goldexprotivslitkov,Основа,Параметры,Механика,Выход,PDF фонда
goldexprotivvklada,О фонде,Участие,Модель,Документы,PDF фонда
goldexrenta,Идея,Формат,Модель,Документы,Инвест-PDF
goldexshagzashagom,Основа,Параметры,Механика,Выход,Получить презентацию
goldexvmesto,О фонде,Условия,Как работает,Выход,Инвест-PDF
goldexvmestodepozita,Основа,Параметры,Механика,Выход,Презентация фонда
goldexvsankcii,Идея,Формат,Модель,Документы,Скачать презентацию
goldexvsetf,Основа,Параметры,Механика,Выход,Получить презентацию
goldexvsnedvizhimost,О фонде,Участие,Модель,Документы,PDF фонда
goldexvsobligacii,Идея,Формат,Модель,Документы,Скачать презентацию
goldexvsslitki,О фонде,Условия,Как работает,Выход,Презентация фонда
goldexvsvklad,О фонде,Участие,Модель,Документы,PDF фонда
goldexvszoloto,О фонде,Участие,Модель,Документы,PDF фонда
goldexvyhod,Идея,Формат,Модель,Документы,Скачать презентацию
goldexvykup,О фонде,Участие,Модель,Документы,PDF фонда
goldexzashchita,О фонде,Условия,Как работает,Выход,Презентация фонда
grafikviplat,Основа,Параметры,Механика,Выход,Получить презентацию
grafikvykupa,Основа,Параметры,Механика,Выход,Получить презентацию
ideyadlyakapitala,Выгоды,Условия,Структура,Документы,Инвест-PDF
ilinedvizhimost,Идея,Формат,Модель,Документы,Скачать презентацию
imushchestvoipo,О фонде,Условия,Как работает,Выход,Презентация фонда
inflyaciyabezpoter,Выгоды,Условия,Структура,Документы,Инвест-PDF
inflyaciyaizoloto,О фонде,Участие,Модель,Документы,PDF фонда
instrumentdlyakvala,Выгоды,Условия,Структура,Документы,Инвест-PDF
instrumentdohoda,О фонде,Участие,Модель,Документы,PDF фонда
instrumentkapitala,О фонде,Участие,Модель,Документы,PDF фонда
instrumentoborota,Основа,Параметры,Механика,Выход,PDF фонда
instrumentvmestovklada,О фонде,Условия,Как работает,Выход,Инвест-PDF
instrumentzashchity,О фонде,Участие,Модель,Документы,PDF фонда
investcherezpai,О фонде,Участие,Модель,Документы,PDF фонда
investdlyakapitala,Выгоды,Условия,Структура,Документы,Инвест-PDF
investicii-v-zoloto,О фонде,Условия,Как работает,Выход,Презентация фонда
investiciidlyakapitala,О фонде,Условия,Как работает,Выход,Презентация фонда
investicionnayamodel,Выгоды,Условия,Структура,Документы,Получить презентацию
investicionnayapoziciya,О фонде,Условия,Как работает,Выход,Презентация фонда
investicionnayastruktura,Выгоды,Условия,Структура,Документы,Инвест-PDF
investicionnayazashchita,О фонде,Условия,Как работает,Выход,Презентация фонда
investicionnyeriski,Основа,Параметры,Механика,Выход,Получить презентацию
investmodelgoldex,Основа,Параметры,Механика,Выход,Получить презентацию
investorietf,Идея,Формат,Модель,Документы,Скачать презентацию
investorizoloto,О фонде,Условия,Как работает,Выход,Получить презентацию
investorkapitala,О фонде,Участие,Модель,Документы,PDF фонда
investorkrupnoysummy,Идея,Формат,Модель,Документы,Получить презентацию
investornedvizhimosti,О фонде,Условия,Как работает,Выход,Презентация фонда
investorobligacii,Идея,Формат,Модель,Документы,Скачать презентацию
investorprodukt,Идея,Формат,Модель,Документы,Скачать презентацию
investorslitki,Выгоды,Условия,Структура,Документы,Инвест-PDF
investorustatusa,Основа,Параметры,Механика,Выход,Получить презентацию
investposlestatusa,О фонде,Участие,Модель,Документы,PDF фонда
investpotokgoldex,О фонде,Участие,Модель,Документы,PDF фонда
investstrategiya,Идея,Формат,Модель,Документы,Инвест-PDF
investstruktura,Идея,Формат,Модель,Документы,Скачать презентацию
investuroven,Основа,Параметры,Механика,Выход,Получить презентацию
irrentaru,Основа,Параметры,Механика,Выход,Получить презентацию
irrigoldex,О фонде,Условия,Как работает,Выход,Презентация фонда
irrirenta,О фонде,Условия,Как работает,Выход,Презентация фонда
istochnikdohodagoldex,Идея,Формат,Модель,Документы,Скачать презентацию
izvkladavinvest,Основа,Параметры,Механика,Выход,Получить презентацию
kakiedokumentynuzhny,Основа,Параметры,Механика,Выход,Получить презентацию
kakkupitpay,Основа,Параметры,Механика,Выход,Получить презентацию
kakrabotaetfondzolotomatov,О фонде,Участие,Модель,Документы,PDF фонда
kakschitatirr,Выгоды,Условия,Структура,Документы,Инвест-PDF
kakstatkvalom,Идея,Формат,Модель,Документы,Скачать презентацию
kakustroendohod,О фонде,Условия,Как работает,Выход,Презентация фонда
kakvyytiranshe,Выгоды,Условия,Структура,Документы,Инвест-PDF
kakzarabatyvaetgoldex,Основа,Параметры,Механика,Выход,Получить презентацию
kanalvyhoda,О фонде,Условия,Как работает,Выход,Презентация фонда
kapitalbezdepozita,Идея,Формат,Модель,Документы,Скачать презентацию
kapitalbezobescenivaniya,Основа,Параметры,Механика,Выход,Инвест-PDF
kapitalbezrublariskov,О фонде,Условия,Как работает,Выход,Скачать презентацию
kapitalbolshoysummy,Идея,Формат,Модель,Документы,Скачать презентацию
kapitalidayetdohod,О фонде,Участие,Модель,Документы,PDF фонда
kapitalidohod,Идея,Формат,Модель,Документы,Получить презентацию
kapitalilietf,О фонде,Условия,Как работает,Выход,Презентация фонда
kapitaliligoldex,Выгоды,Условия,Структура,Документы,Презентация фонда
kapitaliliobligacii,О фонде,Участие,Модель,Документы,PDF фонда
kapitalilislitki,Идея,Формат,Модель,Документы,Скачать презентацию
kapitalilivklad,О фонде,Участие,Модель,Документы,Презентация фонда
kapitalilizoloto,Идея,Формат,Модель,Документы,Скачать презентацию
kapitalinedvizhimost,О фонде,Условия,Как работает,Выход,Презентация фонда
kapitalivyhod,Идея,Формат,Модель,Документы,Скачать презентацию
kapitalnaryinke,Основа,Параметры,Механика,Выход,Получить презентацию
kapitalotinflyacii,Выгоды,Условия,Структура,Документы,Инвест-PDF
kapitalposlekvala,О фонде,Условия,Как работает,Выход,Презентация фонда
kapitalposlestatusa,Основа,Параметры,Механика,Выход,Получить презентацию
kapitalpristavke,Идея,Формат,Модель,Документы,Скачать презентацию
kapitalslogikoy,О фонде,Условия,Как работает,Выход,Презентация фонда
kapitalvdele,Выгоды,Условия,Структура,Документы,Инвест-PDF
kapitalvinstrumente,О фонде,Участие,Модель,Документы,PDF фонда
kapitalvmestobanka,Выгоды,Условия,Структура,Документы,Инвест-PDF
kapitalvmestovklada,Основа,Параметры,Механика,Выход,Получить презентацию
kapitalvnezbanka,Основа,Параметры,Механика,Выход,Получить презентацию
kapitalvrealnyaktiv,Идея,Формат,Модель,Документы,Скачать презентацию
kapitalvsankcii,Выгоды,Условия,Структура,Документы,Инвест-PDF
kapitalvtrudnyevremena,Выгоды,Условия,Структура,Документы,Инвест-PDF
kapitalvybor,Основа,Параметры,Механика,Выход,Получить презентацию
kapitalvysheurovnya,Основа,Параметры,Механика,Выход,Получить презентацию
kapitalvzamysle,Выгоды,Условия,Структура,Документы,Инвест-PDF
kapitalvzolote,Выгоды,Условия,Структура,Документы,Инвест-PDF
keshfloufonda,О фонде,Участие,Модель,Документы,PDF фонда
klassicheskieresheniya,Идея,Формат,Модель,Документы,Скачать презентацию
klassicheskiyetf,Выгоды,Условия,Структура,Документы,Инвест-PDF
klassicheskiyobekt,Идея,Формат,Модель,Документы,Скачать презентацию
klyuchevayastavka,Идея,Формат,Модель,Документы,Скачать презентацию
klyuchevyeriski,Идея,Формат,Модель,Документы,Скачать презентацию
kollebaniyarublya,Идея,Формат,Модель,Документы,Скачать презентацию
komudostupenfond,Выгоды,Условия,Структура,Документы,Инвест-PDF
konservativnyportfel,Идея,Формат,Модель,Документы,Скачать презентацию
kromevklada,О фонде,Условия,Как работает,Выход,Получить презентацию
krupnayasumma,Идея,Формат,Модель,Документы,Скачать презентацию
krupnayasummakuda,Выгоды,Условия,Структура,Документы,Инвест-PDF
krupnayasummaru,Идея,Формат,Модель,Документы,Скачать презентацию
krupnykapital,О фонде,Условия,Как работает,Выход,Презентация фонда
krupnyyschetideya,Выгоды,Условия,Структура,Документы,Инвест-PDF
ktomozhetinvestirovat,О фонде,Условия,Как работает,Выход,Презентация фонда
kudakvaluzadokhodom,Выгоды,Условия,Структура,Документы,Инвест-PDF
kudapereyti,О фонде,Условия,Как работает,Выход,Презентация фонда
kudavlozhitkapital,О фонде,Условия,Как работает,Выход,Презентация фонда
kudavlozhitposlevklada,О фонде,Участие,Модель,Документы,PDF фонда
kupitpaigoldex,О фонде,Участие,Модель,Документы,PDF фонда
kupitpayfonde,Основа,Параметры,Механика,Выход,Получить презентацию
kvalinvestorgoldex,Основа,Параметры,Механика,Выход,Получить презентацию
kvalinvestoru,О фонде,Условия,Как работает,Выход,Презентация фонда
kvalovybor,О фонде,Условия,Как работает,Выход,Презентация фонда
kvalpassivnyydohod,Основа,Параметры,Механика,Выход,Получить презентацию
kvalproformat,О фонде,Условия,Как работает,Выход,Презентация фонда
kvalstatuskak,О фонде,Участие,Модель,Документы,PDF фонда
kvalstatuskapital,О фонде,Условия,Как работает,Выход,Презентация фонда
kvaludochodnost,Основа,Параметры,Механика,Выход,Получить презентацию
kvalusmysl,Идея,Формат,Модель,Документы,Инвест-PDF
kvartalnydohod,Основа,Параметры,Механика,Выход,Получить презентацию
kvartalnyevyplaty,Идея,Формат,Модель,Документы,Скачать презентацию
kvartalnyipotok,О фонде,Условия,Как работает,Выход,Презентация фонда
kvartalnyyformatdohoda,Идея,Формат,Модель,Документы,Инвест-PDF
kvartalnyypotok,О фонде,Участие,Модель,Документы,Инвест-PDF
likvidnostcherezmoex,Идея,Формат,Модель,Документы,Скачать презентацию
likvidnostdlyainvestora,Выгоды,Условия,Структура,Документы,Инвест-PDF
likvidnostfonda,Идея,Формат,Модель,Документы,Скачать презентацию
likvidnostgoldex,Идея,Формат,Модель,Документы,Скачать презентацию
likvidnostpaevgoldex,О фонде,Участие,Модель,Документы,Презентация фонда
likvidnostranye,О фонде,Участие,Модель,Документы,PDF фонда
logikadohoda,Идея,Формат,Модель,Документы,Скачать презентацию
logikafonda,Идея,Формат,Модель,Документы,Скачать презентацию
logikalikvidnosti,Основа,Параметры,Механика,Выход,Скачать презентацию
luchshedepozita,Идея,Формат,Модель,Документы,Инвест-PDF
luchsheetf,Идея,Формат,Модель,Документы,Инвест-PDF
luchsheobligaciy,Идея,Формат,Модель,Документы,Презентация фонда
luchsheslitkov,Идея,Формат,Модель,Документы,Презентация фонда
luchshevklada,О фонде,Участие,Модель,Документы,Скачать презентацию
luchshezolota,Выгоды,Условия,Структура,Документы,Инвест-PDF
massovayalineyka,Идея,Формат,Модель,Документы,Скачать презентацию
materialnyeaktivy,Идея,Формат,Модель,Документы,Скачать презентацию
mechanikaopciona,О фонде,Условия,Как работает,Выход,Презентация фонда
mechanikavykupa,Выгоды,Условия,Структура,Документы,Инвест-PDF
mehanikaopciona,Идея,Формат,Модель,Документы,Инвест-PDF
model50na50,О фонде,Условия,Как работает,Выход,Презентация фонда
modeldohoda,Идея,Формат,Модель,Документы,Скачать презентацию
modeldohodafonda,Идея,Формат,Модель,Документы,Скачать презентацию
modelkapitala,Основа,Параметры,Механика,Выход,Получить презентацию
modelmoex,О фонде,Участие,Модель,Документы,PDF фонда
modelpotoka,О фонде,Условия,Как работает,Выход,Презентация фонда
modelvyhoda,Выгоды,Условия,Структура,Документы,Инвест-PDF
modelvykupa,О фонде,Участие,Модель,Документы,PDF фонда
modelzolota,О фонде,Участие,Модель,Документы,PDF фонда
modelzolotomatov,Основа,Параметры,Механика,Выход,Получить презентацию
moexkanalvyhoda,О фонде,Участие,Модель,Документы,Скачать презентацию
moexvyhod,Идея,Формат,Модель,Документы,Скачать презентацию
monetydlyakapitala,Выгоды,Условия,Структура,Документы,Инвест-PDF
nebirzhevoyprodukt,О фонде,Условия,Как работает,Выход,Презентация фонда
nebumazhnayaobolochka,Основа,Параметры,Механика,Выход,Получить презентацию
nedvizhimostiligoldex,Идея,Формат,Модель,Документы,Скачать презентацию
neetf,О фонде,Участие,Модель,Документы,PDF фонда
neetfnazoloto,Выгоды,Условия,Структура,Документы,Инвест-PDF
neprostodostup,О фонде,Условия,Как работает,Выход,Презентация фонда
neprostokupongoldex,О фонде,Участие,Модель,Документы,Презентация фонда
neprostopovtorenie,Выгоды,Условия,Структура,Документы,Инвест-PDF
nestabilnayasreda,О фонде,Участие,Модель,Документы,Презентация фонда
nestabilnostizoloto,Основа,Параметры,Механика,Выход,PDF фонда
nestabilnyrynok,О фонде,Условия,Как работает,Выход,Инвест-PDF
nestandartnyresheniya,Основа,Параметры,Механика,Выход,PDF фонда
netolkorostceny,Выгоды,Условия,Структура,Документы,Инвест-PDF
nevkladgoldex,Основа,Параметры,Механика,Выход,Получить презентацию
newformatinvestora,О фонде,Условия,Как работает,Выход,Получить презентацию
novayadohodnost,Основа,Параметры,Механика,Выход,Получить презентацию
novyiinveststatus,Идея,Формат,Модель,Документы,Скачать презентацию
novyystatusnovyyvybor,Идея,Формат,Модель,Документы,Скачать презентацию
obespechennyinvestor,Основа,Параметры,Механика,Выход,Получить презентацию
obligaciiiligoldex,Выгоды,Условия,Структура,Документы,Инвест-PDF
oborotfonda,Основа,Параметры,Механика,Выход,Получить презентацию
oborotnostinstrumenta,О фонде,Условия,Как работает,Выход,Презентация фонда
oborotnostpaev,Идея,Формат,Модель,Документы,Скачать презентацию
oborudovanieifond,О фонде,Условия,Как работает,Выход,Презентация фонда
oborudovanieipo,Выгоды,Условия,Структура,Документы,Инвест-PDF
obyazatelnyivykup,Идея,Формат,Модель,Документы,Скачать презентацию
obyazatelnyvykup,Идея,Формат,Модель,Документы,Скачать презентацию
odnadvadcatshestaya,О фонде,Участие,Модель,Документы,PDF фонда
oformitstatus,Идея,Формат,Модель,Документы,Скачать презентацию
oformleniepaya,Выгоды,Условия,Структура,Документы,Инвест-PDF
ogranicheniyairiski,Основа,Параметры,Механика,Выход,Скачать презентацию
opciondlyadohoda,Основа,Параметры,Механика,Выход,Скачать презентацию
opciondlyavykupa,О фонде,Условия,Как работает,Выход,Получить презентацию
opcionivyhod,О фонде,Участие,Модель,Документы,PDF фонда
opcionnavykup,О фонде,Участие,Модель,Документы,PDF фонда
opcionnaya-logika,Идея,Формат,Модель,Документы,Презентация фонда
opcionnydohod,Идея,Формат,Модель,Документы,Презентация фонда
opcionnyipotok,Идея,Формат,Модель,Документы,Скачать презентацию
opcionnyydohod,О фонде,Участие,Модель,Документы,Инвест-PDF
opcionpaev,О фонде,Условия,Как работает,Выход,Презентация фонда
operatorarenta,О фонде,Участие,Модель,Документы,PDF фонда
operatoripribyl,Основа,Параметры,Механика,Выход,PDF фонда
oporadlyakapitala,О фонде,Условия,Как работает,Выход,Инвест-PDF
opornyaktiv,О фонде,Участие,Модель,Документы,PDF фонда
osnovadohoda,Основа,Параметры,Механика,Выход,Получить презентацию
otdepozitakproduktu,О фонде,Участие,Модель,Документы,PDF фонда
otkudadohodgoldex,О фонде,Условия,Как работает,Выход,Презентация фонда
otlichieotetf,Идея,Формат,Модель,Документы,Скачать презентацию
otlichieotnedvizhimosti,Идея,Формат,Модель,Документы,Скачать презентацию
otlichieotobligaciy,О фонде,Участие,Модель,Документы,PDF фонда
otlichieotslitkov,Выгоды,Условия,Структура,Документы,Инвест-PDF
otlichieotvklada,Основа,Параметры,Механика,Выход,Получить презентацию
otlichieotzolota,Идея,Формат,Модель,Документы,Скачать презентацию
otvetdlyakvala,Выгоды,Условия,Структура,Документы,Инвест-PDF
otvkladakaktivu,О фонде,Условия,Как работает,Выход,Презентация фонда
otvkladakdohodu,О фонде,Участие,Модель,Документы,PDF фонда
paibezzamka,Идея,Формат,Модель,Документы,Скачать презентацию
paifonda,О фонде,Условия,Как работает,Выход,Презентация фонда
paikvala,Основа,Параметры,Механика,Выход,Получить презентацию
paketdokumentov,О фонде,Условия,Как работает,Выход,Презентация фонда
passivnydohodkvala,Основа,Параметры,Механика,Выход,Получить презентацию
passivnyetf,О фонде,Участие,Модель,Документы,PDF фонда
passivnyydohodkvalu,О фонде,Участие,Модель,Документы,PDF фонда
passivnyyformatkvala,Выгоды,Условия,Структура,Документы,PDF фонда
payovyyopcion,Выгоды,Условия,Структура,Документы,Скачать презентацию
perechendokumentov,Основа,Параметры,Механика,Выход,Презентация фонда
perehodizvklada,О фонде,Условия,Как работает,Выход,Презентация фонда
peremennayarenta,Основа,Параметры,Механика,Выход,Получить презентацию
perevodizvklada,О фонде,Условия,Как работает,Выход,PDF фонда
perezhitinflyaciyu,О фонде,Участие,Модель,Документы,PDF фонда
perezhitnestabilnost,Идея,Формат,Модель,Документы,Скачать презентацию
perezhitsankcii,О фонде,Участие,Модель,Документы,PDF фонда
periodneopredelennosti,Основа,Параметры,Механика,Выход,Получить презентацию
periodnestabilnosti,Выгоды,Условия,Структура,Документы,Инвест-PDF
pochemunetf,Основа,Параметры,Механика,Выход,Получить презентацию
podgotovkakvhodu,Выгоды,Условия,Структура,Документы,Инвест-PDF
poetapnyvykup,Выгоды,Условия,Структура,Документы,Инвест-PDF
poinabalanse,О фонде,Условия,Как работает,Выход,Презентация фонда
poiskdlyakvala,Основа,Параметры,Механика,Выход,Получить презентацию
pokupatelnayasposobnost,Основа,Параметры,Механика,Выход,PDF фонда
pokupkapaya,Выгоды,Условия,Структура,Документы,Инвест-PDF
pokvartalnydohod,О фонде,Участие,Модель,Документы,PDF фонда
pokvartalnyivykup,О фонде,Участие,Модель,Документы,Инвест-PDF
pokvartalnyvykup,Идея,Формат,Модель,Документы,Скачать презентацию
poluchitkvala,О фонде,Условия,Как работает,Выход,Инвест-PDF
poluchitstatuskvala,О фонде,Участие,Модель,Документы,PDF фонда
ponyatnayaalternativa,О фонде,Участие,Модель,Документы,PDF фонда
ponyatnayabaza,О фонде,Условия,Как работает,Выход,Презентация фонда
ponyatnayalikvidnost,Основа,Параметры,Механика,Выход,Скачать презентацию
ponyatnayamodel,О фонде,Участие,Модель,Документы,PDF фонда
ponyatnayaschema,О фонде,Условия,Как работает,Выход,Презентация фонда
ponyatnayastruktura,О фонде,Условия,Как работает,Выход,Презентация фонда
ponyatnycashflow,Идея,Формат,Модель,Документы,PDF фонда
ponyatnydohod,О фонде,Участие,Модель,Документы,PDF фонда
ponyatnygrafik,Идея,Формат,Модель,Документы,Скачать презентацию
ponyatnyopcion,Основа,Параметры,Механика,Выход,Получить презентацию
ponyatnyprodukt,О фонде,Участие,Модель,Документы,PDF фонда
ponyatnyvyhod,Основа,Параметры,Механика,Выход,Получить презентацию
ponyatnyyvyhod,Основа,Параметры,Механика,Выход,Получить презентацию
portfelzashchity,О фонде,Условия,Как работает,Выход,Презентация фонда
poslebazy,Идея,Формат,Модель,Документы,Скачать презентацию
posledepozita,Основа,Параметры,Механика,Выход,Получить презентацию
poslekvalastatusa,Выгоды,Условия,Структура,Документы,Инвест-PDF
posleokonchaniyavklada,О фонде,Участие,Модель,Документы,Скачать презентацию
poslestatusakuda,Идея,Формат,Модель,Документы,Скачать презентацию
poslestatusakvala,О фонде,Участие,Модель,Документы,PDF фонда
potencialvyshe,Выгоды,Условия,Структура,Документы,Инвест-PDF
potokcherezfond,О фонде,Условия,Как работает,Выход,Презентация фонда
potokcherezopcion,О фонде,Условия,Как работает,Выход,Презентация фонда
potokdeneggoldex,Идея,Формат,Модель,Документы,Презентация фонда
potokdlyakvala,О фонде,Участие,Модель,Документы,PDF фонда
potokdlyapayshika,Идея,Формат,Модель,Документы,Скачать презентацию
potokfonda,О фонде,Участие,Модель,Документы,PDF фонда
potokgoldex,О фонде,Участие,Модель,Документы,PDF фонда
potokkazhdykvartal,Идея,Формат,Модель,Документы,Скачать презентацию
potoknakapital,О фонде,Участие,Модель,Документы,PDF фонда
potokotfonda,Выгоды,Условия,Структура,Документы,Инвест-PDF
potokotoperatora,О фонде,Условия,Как работает,Выход,Презентация фонда
potokpokvartalu,Выгоды,Условия,Структура,Документы,Инвест-PDF
potoksvyplatami,Выгоды,Условия,Структура,Документы,Инвест-PDF
potokviplat,Основа,Параметры,Механика,Выход,Получить презентацию
pribylcherezrentu,О фонде,Условия,Как работает,Выход,Презентация фонда
pribylfonda,Выгоды,Условия,Структура,Документы,Инвест-PDF
pribylgoldex,Основа,Параметры,Механика,Выход,Получить презентацию
pribyliirenta,Основа,Параметры,Механика,Выход,Получить презентацию
pribyloperatora,Выгоды,Условия,Структура,Документы,Инвест-PDF
pribylzolotomatov,О фонде,Условия,Как работает,Выход,Презентация фонда
privatekapitalformat,Выгоды,Условия,Структура,Документы,Инвест-PDF
privychnyinstrumenty,О фонде,Условия,Как работает,Выход,Презентация фонда
produktdlyainvestora,О фонде,Условия,Как работает,Выход,Презентация фонда
produktdlyakapitala,Идея,Формат,Модель,Документы,Скачать презентацию
produktdlyakvala,Основа,Параметры,Механика,Выход,Получить презентацию
produktdohoda,Основа,Параметры,Механика,Выход,Получить презентацию
produktnazolote,Выгоды,Условия,Структура,Документы,Инвест-PDF
produktovayaliniya,Выгоды,Условия,Структура,Документы,Инвест-PDF
produktspotokom,Основа,Параметры,Механика,Выход,Получить презентацию
produktsvyhodom,О фонде,Условия,Как работает,Выход,Презентация фонда
produktsvykupom,Идея,Формат,Модель,Документы,Скачать презентацию
produktsvyplatami,Выгоды,Условия,Структура,Документы,Инвест-PDF
produktvmestodepozita,О фонде,Участие,Модель,Документы,PDF фонда
produktvmestoetf,О фонде,Участие,Модель,Документы,PDF фонда
produktvmestonedvizhimosti,О фонде,Условия,Как работает,Выход,Получить презентацию
produktvmestoobligaciy,Основа,Параметры,Механика,Выход,Получить презентацию
produktvmestoslitkov,Идея,Формат,Модель,Документы,Презентация фонда
produktvmestozolota,О фонде,Участие,Модель,Документы,PDF фонда
prognosiruemyvyhod,О фонде,Условия,Как работает,Выход,Презентация фонда
prolongaciivmesto,Выгоды,Условия,Структура,Документы,Инвест-PDF
protivinflyaciizoloto,О фонде,Участие,Модель,Документы,PDF фонда
pryamoevladenie,О фонде,Условия,Как работает,Выход,Презентация фонда
pryamoezoloto,О фонде,Условия,Как работает,Выход,Презентация фонда
q28vykup,Выгоды,Условия,Структура,Документы,Инвест-PDF
rabotagoldex,О фонде,Участие,Модель,Документы,PDF фонда
rannevyyhodizfonda,О фонде,Участие,Модель,Документы,PDF фонда
ranniyvyhod,О фонде,Участие,Модель,Документы,PDF фонда
raschyotirr,О фонде,Условия,Как работает,Выход,Инвест-PDF
raspredeleniedohoda,О фонде,Участие,Модель,Документы,Скачать презентацию
raspredeleniepribyli,Выгоды,Условия,Структура,Документы,Инвест-PDF
rasshirennyinstrumenty,Выгоды,Условия,Структура,Документы,Инвест-PDF
razborfinmodeli,О фонде,Условия,Как работает,Выход,Презентация фонда
razmeshcheniekapitala,О фонде,Участие,Модель,Документы,PDF фонда
razmeshcheniesredstv,О фонде,Участие,Модель,Документы,Получить презентацию
razmestitdengi,Выгоды,Условия,Структура,Документы,Инвест-PDF
razmestitkapital,О фонде,Условия,Как работает,Выход,Презентация фонда
razmestitposlestatusa,Основа,Параметры,Механика,Выход,Получить презентацию
raznicaetf,Выгоды,Условия,Структура,Документы,Инвест-PDF
realnoeimushchestvo,Идея,Формат,Модель,Документы,Скачать презентацию
realnoezoloto,Идея,Формат,Модель,Документы,Скачать презентацию
realnyaktiv,Основа,Параметры,Механика,Выход,Получить презентацию
realnyaktivfonda,О фонде,Условия,Как работает,Выход,Презентация фонда
realnybiznes,Идея,Формат,Модель,Документы,Скачать презентацию
regulyarnydohod,О фонде,Участие,Модель,Документы,PDF фонда
regulyarnyeviplaty,О фонде,Участие,Модель,Документы,PDF фонда
regulyarnyevyplaty,О фонде,Условия,Как работает,Выход,Презентация фонда
renta50otpribyli,Основа,Параметры,Механика,Выход,Получить презентацию
rentacherezpribyl,О фонде,Участие,Модель,Документы,PDF фонда
rentafonda,О фонде,Условия,Как работает,Выход,Презентация фонда
rentagoldex,Выгоды,Условия,Структура,Документы,Инвест-PDF
rentaidohod,О фонде,Условия,Как работает,Выход,Презентация фонда
rentaizolotomaty,Идея,Формат,Модель,Документы,Скачать презентацию
rentapolovinypribyli,Основа,Параметры,Механика,Выход,Получить презентацию
rentnypotok,Основа,Параметры,Механика,Выход,Получить презентацию
resheniedepozitu,О фонде,Участие,Модель,Документы,PDF фонда
resheniedlyakapitala,О фонде,Участие,Модель,Документы,PDF фонда
resheniedlyakvala,Выгоды,Условия,Структура,Документы,Инвест-PDF
reshenievmestovklada,Выгоды,Условия,Структура,Документы,Инвест-PDF
riskidlyakvala,О фонде,Участие,Модель,Документы,PDF фонда
riskifondazolotomatov,Выгоды,Условия,Структура,Документы,Инвест-PDF
riskigoldex,Выгоды,Условия,Структура,Документы,Инвест-PDF
riskiinvestora,Идея,Формат,Модель,Документы,Скачать презентацию
riskimodeli,Основа,Параметры,Механика,Выход,Получить презентацию
riskiperedvhodom,Выгоды,Условия,Структура,Документы,Инвест-PDF
riskizolotomatov,О фонде,Участие,Модель,Документы,PDF фонда
rostkapitalagoldex,Идея,Формат,Модель,Документы,PDF фонда
rublevayanestabilnost,Идея,Формат,Модель,Документы,Скачать презентацию
rublevyeriski,Основа,Параметры,Механика,Выход,Получить презентацию
rubliizoloto,Основа,Параметры,Механика,Выход,Получить презентацию
rynochnayanestabilnost,О фонде,Участие,Модель,Документы,Презентация фонда
rynochnayaturbulentnost,О фонде,Участие,Модель,Документы,Презентация фонда
rynokdlyaokna,Основа,Параметры,Механика,Выход,Скачать презентацию
sankciizoloto,О фонде,Условия,Как работает,Выход,Получить презентацию
sankcionnayasreda,Выгоды,Условия,Структура,Документы,PDF фонда
sankcionnoedavlenie,Основа,Параметры,Механика,Выход,Скачать презентацию
sankcionnyeriski,Выгоды,Условия,Структура,Документы,PDF фонда
scenariyvyhoda,Идея,Формат,Модель,Документы,Скачать презентацию
schetpribyli,Идея,Формат,Модель,Документы,Скачать презентацию
sdelkafonda,Выгоды,Условия,Структура,Документы,Инвест-PDF
shemainvestora,О фонде,Участие,Модель,Документы,PDF фонда
silnayadohodnost,Основа,Параметры,Механика,Выход,Получить презентацию
silnee-depozita,Основа,Параметры,Механика,Выход,Получить презентацию
silnyprodukt,Идея,Формат,Модель,Документы,Скачать презентацию
slabiyrubl,О фонде,Участие,Модель,Документы,PDF фонда
sledushchiyuroven,О фонде,Условия,Как работает,Выход,Презентация фонда
sleduyushchiyshag,Выгоды,Условия,Структура,Документы,Инвест-PDF
slitkidlyakapitala,Идея,Формат,Модель,Документы,Скачать презентацию
slitkiimonetyiligoldex,Выгоды,Условия,Структура,Документы,Получить презентацию
sohranenieikapital,О фонде,Условия,Как работает,Выход,Презентация фонда
sohranitdengi,О фонде,Участие,Модель,Документы,Скачать презентацию
sohranitkapital,О фонде,Участие,Модель,Документы,PDF фонда
spokoynayamodel,О фонде,Условия,Как работает,Выход,Презентация фонда
spokoynoerazmeshchenie,Основа,Параметры,Механика,Выход,Получить презентацию
sravneniesetf,Идея,Формат,Модель,Документы,Скачать презентацию
sravnitbondyigoldex,О фонде,Участие,Модель,Документы,PDF фонда
sravnitgoldexinedvizhimost,О фонде,Условия,Как работает,Выход,Презентация фонда
sravnitvkladifond,Основа,Параметры,Механика,Выход,Получить презентацию
standartynevse,О фонде,Условия,Как работает,Выход,Презентация фонда
statuskvala,О фонде,Участие,Модель,Документы,PDF фонда
statuskvalinvestora,Идея,Формат,Модель,Документы,Скачать презентацию
statuspoluchenkuda,Идея,Формат,Модель,Документы,Скачать презентацию
stavkacbkudavlozhit,О фонде,Условия,Как работает,Выход,Презентация фонда
stavkaiinflaciya,Выгоды,Условия,Структура,Документы,Инвест-PDF
stavkavyshevklada,Идея,Формат,Модель,Документы,Скачать презентацию
strahovkakapitala,Идея,Формат,Модель,Документы,Скачать презентацию
strahovkaotrublya,О фонде,Участие,Модель,Документы,PDF фонда
strategiyakapitala,О фонде,Участие,Модель,Документы,PDF фонда
summadlyainvesticiy,Идея,Формат,Модель,Документы,Скачать презентацию
summavrabote,О фонде,Условия,Как работает,Выход,Презентация фонда
tipovyeinstrumenty,Идея,Формат,Модель,Документы,Скачать презентацию
transparentnyvyhod,Выгоды,Условия,Структура,Документы,Инвест-PDF
trevozhnayageopolitika,Основа,Параметры,Механика,Выход,Получить презентацию
turbulentnyevremena,Основа,Параметры,Механика,Выход,Получить презентацию
usloviyadopuska,О фонде,Участие,Модель,Документы,PDF фонда
usloviyasankciy,О фонде,Условия,Как работает,Выход,Презентация фонда
usloviyavhoda,Основа,Параметры,Механика,Выход,Получить презентацию
valyutnayanestabilnost,Основа,Параметры,Механика,Выход,Получить презентацию
valyutnayatrevoga,О фонде,Участие,Модель,Документы,PDF фонда
valyutnayavolatilnost,Выгоды,Условия,Структура,Документы,Инвест-PDF
valyutnyeriski,Выгоды,Условия,Структура,Документы,Инвест-PDF
vazhnazashchita,О фонде,Условия,Как работает,Выход,Презентация фонда
vhodcherezpai,О фонде,Участие,Модель,Документы,PDF фонда
vhoddlyakvala,О фонде,Условия,Как работает,Выход,Презентация фонда
vhodivyhod,О фонде,Условия,Как работает,Выход,Презентация фонда
vhodivyhodponyatny,О фонде,Условия,Как работает,Выход,Презентация фонда
vhodvfond,Основа,Параметры,Механика,Выход,Получить презентацию
vhodvfonds,О фонде,Условия,Как работает,Выход,Получить презентацию
vhodvzoloto,О фонде,Участие,Модель,Документы,PDF фонда
viplatycherezgoldex,Основа,Параметры,Механика,Выход,Скачать презентацию
vkladailialternativa,Основа,Параметры,Механика,Выход,Получить презентацию
vkladibolshe,Идея,Формат,Модель,Документы,Скачать презентацию
vkladidohodsravnit,Выгоды,Условия,Структура,Документы,Инвест-PDF
vkladifondsravnit,Основа,Параметры,Механика,Выход,Получить презентацию
vkladiligoldex,О фонде,Условия,Как работает,Выход,PDF фонда
vkladinache,Выгоды,Условия,Структура,Документы,Инвест-PDF
vkladnepredel,Идея,Формат,Модель,Документы,Скачать презентацию
vlozhenievzoloto,Выгоды,Условия,Структура,Документы,Инвест-PDF
vlozhit-v-zoloto,Выгоды,Условия,Структура,Документы,Скачать презентацию
vlozhitdlyadohodagoldex,Выгоды,Условия,Структура,Документы,PDF фонда
vlozhitkrupnosummu,Выгоды,Условия,Структура,Документы,Инвест-PDF
vmestobankagoldex,О фонде,Участие,Модель,Документы,PDF фонда
vmestobankaprodukt,Идея,Формат,Модель,Документы,Скачать презентацию
vmestobazy,Выгоды,Условия,Структура,Документы,Инвест-PDF
vmestodepozita,Выгоды,Условия,Структура,Документы,Инвест-PDF
vmestodepozitadohod,Выгоды,Условия,Структура,Документы,Инвест-PDF
vmestodepozitafond,О фонде,Участие,Модель,Документы,PDF фонда
vmestodepozitaprostavku,Основа,Параметры,Механика,Выход,Получить презентацию
vmestoetf,О фонде,Участие,Модель,Документы,PDF фонда
vmestoklassiki,О фонде,Условия,Как работает,Выход,Презентация фонда
vmestonedvizhimosti,О фонде,Участие,Модель,Документы,PDF фонда
vmestoobligaciy,Идея,Формат,Модель,Документы,Скачать презентацию
vmestopokupkislitkov,Основа,Параметры,Механика,Выход,Получить презентацию
vmestopokupkizolota,О фонде,Условия,Как работает,Выход,Презентация фонда
vmestoroznitsy,Выгоды,Условия,Структура,Документы,Инвест-PDF
vmestostandarta,Выгоды,Условия,Структура,Документы,Инвест-PDF
vmestostandartnyh,О фонде,Участие,Модель,Документы,PDF фонда
vmestovklada,Идея,Формат,Модель,Документы,Скачать презентацию
vmestovkladailibank,О фонде,Условия,Как работает,Выход,Презентация фонда
vmestovkladapristavke,О фонде,Условия,Как работает,Выход,Презентация фонда
vne-standarta,Выгоды,Условия,Структура,Документы,Инвест-PDF
vnebanka,Основа,Параметры,Механика,Выход,Получить презентацию
vnebankov,Выгоды,Условия,Структура,Документы,Инвест-PDF
vnebazovyh,О фонде,Условия,Как работает,Выход,Презентация фонда
vnedepozita,Выгоды,Условия,Структура,Документы,Инвест-PDF
vnelineyki,Основа,Параметры,Механика,Выход,Получить презентацию
vneportfelya,О фонде,Участие,Модель,Документы,PDF фонда
vnerynka,Идея,Формат,Модель,Документы,Скачать презентацию
vneshnieogranicheniya,Основа,Параметры,Механика,Выход,Получить презентацию
vneshniykanal,Выгоды,Условия,Структура,Документы,Инвест-PDF
vnevklada,Идея,Формат,Модель,Документы,Скачать презентацию
volatilnostrublya,Идея,Формат,Модель,Документы,Скачать презентацию
vozvratkapitala,О фонде,Условия,Как работает,Выход,Презентация фонда
vtorichnyrynok,О фонде,Участие,Модель,Документы,PDF фонда
vyboretfili,О фонде,Условия,Как работает,Выход,Презентация фонда
vybormezhdunedvizhimostyu,Основа,Параметры,Механика,Выход,Получить презентацию
vyborobligaciiiligoldex,Основа,Параметры,Механика,Выход,Получить презентацию
vyborprodukta,О фонде,Участие,Модель,Документы,PDF фонда
vyborvkladailigoldex,Выгоды,Условия,Структура,Документы,Инвест-PDF
vyborvmestostandarta,О фонде,Условия,Как работает,Выход,Презентация фонда
vyborzolotoiligoldex,Идея,Формат,Модель,Документы,Скачать презентацию
vyhodbezslozhnostey,О фонде,Условия,Как работает,Выход,Получить презентацию
vyhodcherezopcion,О фонде,Условия,Как работает,Выход,Презентация фонда
vyhoddookonchaniya,О фонде,Условия,Как работает,Выход,Презентация фонда
vyhodidohod,Основа,Параметры,Механика,Выход,Получить презентацию
vyhodizgoldex,Основа,Параметры,Механика,Выход,Получить презентацию
vyhodizranyshe,Выгоды,Условия,Структура,Документы,Получить презентацию
vyhodizvklada,Выгоды,Условия,Структура,Документы,PDF фонда
vyhodranshesroka,О фонде,Условия,Как работает,Выход,Презентация фонда
vykupcherezopcion,Выгоды,Условия,Структура,Документы,Получить презентацию
vykupkvartalno,О фонде,Условия,Как работает,Выход,Презентация фонда
vykupodnashestaya,О фонде,Участие,Модель,Документы,PDF фонда
vykuppaev,Выгоды,Условия,Структура,Документы,Получить презентацию
vykuppaevgoldex,О фонде,Участие,Модель,Документы,Презентация фонда
vykuppaevkvartal,Идея,Формат,Модель,Документы,Скачать презентацию
vykuppaevq28,О фонде,Условия,Как работает,Выход,Презентация фонда
vykupq28,Основа,Параметры,Механика,Выход,Получить презентацию
vyplatyinvestoru,Выгоды,Условия,Структура,Документы,Инвест-PDF
vyplatykakformat,Выгоды,Условия,Структура,Документы,Получить презентацию
vyplatykvartalno,О фонде,Участие,Модель,Документы,Скачать презентацию
vyplatyregulyarno,Идея,Формат,Модель,Документы,Скачать презентацию
vyshebanka,Идея,Формат,Модель,Документы,Презентация фонда
vyshechemvklad,О фонде,Участие,Модель,Документы,Скачать презентацию
vyshedepozita,Идея,Формат,Модель,Документы,Скачать презентацию
vyshedohodavklada,О фонде,Участие,Модель,Документы,PDF фонда
vysherynka,Выгоды,Условия,Структура,Документы,Инвест-PDF
vyshestavkivklada,Идея,Формат,Модель,Документы,Скачать презентацию
vysokayainflyaciirazum,Идея,Формат,Модель,Документы,Скачать презентацию
vysokayastavka,Идея,Формат,Модель,Документы,Скачать презентацию
vysokayastavkacb,О фонде,Условия,Как работает,Выход,Презентация фонда
vysokayastavkavybor,Выгоды,Условия,Структура,Документы,Инвест-PDF
vyytiizfonda,Идея,Формат,Модель,Документы,Скачать презентацию
vyytiizgoldex,Основа,Параметры,Механика,Выход,Получить презентацию
yakoradlyakapitala,О фонде,Участие,Модель,Документы,PDF фонда
yakorkapitala,О фонде,Участие,Модель,Документы,PDF фонда
zamenadepozita,Основа,Параметры,Механика,Выход,Получить презентацию
zamenastandartu,Основа,Параметры,Механика,Выход,Получить презентацию
zamenavklada,Выгоды,Условия,Структура,Документы,Инвест-PDF
zashchitacherezgoldex,Основа,Параметры,Механика,Выход,Получить презентацию
zashchitadengey,Выгоды,Условия,Структура,Документы,Инвест-PDF
zashchitainvestora,Основа,Параметры,Механика,Выход,Получить презентацию
zashchitairost,О фонде,Условия,Как работает,Выход,Презентация фонда
zashchitaivyhod,О фонде,Условия,Как работает,Выход,Презентация фонда
zashchitakapitala,О фонде,Участие,Модель,Документы,PDF фонда
zashchitaotinflyacii,Идея,Формат,Модель,Документы,Презентация фонда
zashchitaotrublya,Выгоды,Условия,Структура,Документы,Получить презентацию
zashchitaportfelya,Идея,Формат,Модель,Документы,Скачать презентацию
zashchitavmestovklada,Выгоды,Условия,Структура,Документы,PDF фонда
zashchitazolatamomenty,Основа,Параметры,Механика,Выход,Получить презентацию
zashchitazolotom,О фонде,Участие,Модель,Документы,PDF фонда
zashchitnayadolya,Основа,Параметры,Механика,Выход,Получить презентацию
zashchitnayalogika,Выгоды,Условия,Структура,Документы,Инвест-PDF
zashchitnayalternativa,Основа,Параметры,Механика,Выход,Получить презентацию
zashchitnayideya,Идея,Формат,Модель,Документы,Скачать презентацию
zashchitnayinvesticiya,О фонде,Участие,Модель,Документы,PDF фонда
zashchitnyaktiv,Идея,Формат,Модель,Документы,Скачать презентацию
zashchitnyinstrument,Основа,Параметры,Механика,Выход,Получить презентацию
zashchitnyprodukt,Идея,Формат,Модель,Документы,Скачать презентацию
zashchitnyyvmestovklada,Основа,Параметры,Механика,Выход,Получить презентацию
zashchitnyyzoloto,О фонде,Участие,Модель,Документы,PDF фонда
zlatootinflyacii,Выгоды,Условия,Структура,Документы,Инвест-PDF
zolitkikapitala,Идея,Формат,Модель,Документы,Скачать презентацию
zolotayadohodnost,Основа,Параметры,Механика,Выход,Получить презентацию
zolotayafunkciya,Основа,Параметры,Механика,Выход,Получить презентацию
zolotayaideyagoldex,Основа,Параметры,Механика,Выход,Получить презентацию
zolotayastrategiya,О фонде,Условия,Как работает,Выход,Презентация фонда
zolotayatema,Основа,Параметры,Механика,Выход,Получить презентацию
zolotodlyakapitala,О фонде,Условия,Как работает,Выход,Презентация фонда
zolotodlyazashchity,О фонде,Условия,Как работает,Выход,Презентация фонда
zolotoetfiligoldex,О фонде,Участие,Модель,Документы,PDF фонда
zolotoidohod,Идея,Формат,Модель,Документы,Скачать презентацию
zolotoifondgoldex,Основа,Параметры,Механика,Выход,Получить презентацию
zolotoinvestgoldex,Выгоды,Условия,Структура,Документы,Инвест-PDF
zolotokakzashchita,Выгоды,Условия,Структура,Документы,Инвест-PDF
zolotomatyfonda,Идея,Формат,Модель,Документы,Скачать презентацию
zolotomatyidohod,Выгоды,Условия,Структура,Документы,Инвест-PDF
zolotomatyipo,Основа,Параметры,Механика,Выход,Получить презентацию
zolotootinflyacii,Основа,Параметры,Механика,Выход,Получить презентацию
zolotoprisankciyah,О фонде,Участие,Модель,Документы,PDF фонда
zolotoprotivinflyacii,Основа,Параметры,Механика,Выход,Получить презентацию
zolotoprotivrublya,О фонде,Условия,Как работает,Выход,Презентация фонда
zolotoprotivvoly,Выгоды,Условия,Структура,Документы,Инвест-PDF
zolotovmirecen,О фонде,Условия,Как работает,Выход,Презентация фонда
zolotovmonetah,О фонде,Участие,Модель,Документы,PDF фонда
zolotovnestabilnosti,О фонде,Участие,Модель,Документы,PDF фонда
zolotovnovyhsankciyah,О фонде,Условия,Как работает,Выход,Презентация фонда
zolotovperiodsankciy,Идея,Формат,Модель,Документы,Скачать презентацию
zolotovportfele,Выгоды,Условия,Структура,Документы,Инвест-PDF
zolotoyrynok,О фонде,Условия,Как работает,Выход,Презентация фонда