slug,whyus_title,use_cases_title,trust_title_text
50pribyli,Что лежит в основе доходности,Ключевые условия участия в фонде,Что даёт работа с Finstar Capital
50pribylirenta,Почему фондовая модель работает,Как войти в фонд и на каких условиях,Почему модель можно рассматривать с Finstar Capital
aktivvportfel,Почему модель создаёт доход,Как устроено участие в фонде,Почему структуру можно рассматривать с Finstar
aktivyfondagoldex,На чём строится доход инвестора,Основные условия участия в модели,Почему структуру можно рассматривать с Finstar
aktivynabalanse,Почему модель создаёт доход,Условия участия в ЗПИФ «Золотоматы-1»,Почему модель можно рассматривать с Finstar
aktivzashchity,Почему фондовая модель работает,Параметры участия в ЗПИФ «Золотоматы-1»,Почему модель можно рассматривать с Finstar
alternativadepozitu,Почему фондовая модель работает,Условия участия в ЗПИФ «Золотоматы-1»,Что даёт работа с Finstar Capital
alternativadlyakapitala,Почему фондовая модель работает,Условия участия для квалифицированных инвесторов,Почему эту модель выбирают с Finstar
alternativadlyakvala,Почему фондовая модель работает,Ключевые условия участия в фонде,Почему модель можно рассматривать с Finstar
alternativaetf,Как устроена логика дохода,Ключевые условия участия в фонде,Что даёт работа с Finstar Capital
alternativanedvizhimosti,Почему здесь есть экономическая основа,"Формат входа, дохода и выхода",Почему модель заслуживает рассмотрения
alternativaobligaciyam,Почему здесь есть экономическая основа,"Формат входа, дохода и выхода",Почему эту модель выбирают с Finstar
alternativapristavke,На чём строится доход инвестора,Как устроено участие в фонде,Почему структуру можно рассматривать с Finstar
alternativaslitkam,Почему модель создаёт доход,Ключевые условия участия в фонде,Почему модель можно рассматривать с Finstar
alternativavkladugoldex,Почему здесь есть экономическая основа,"Формат входа, дохода и выхода",Почему модель заслуживает рассмотрения
alternativazolotu,Почему фондовая модель работает,Условия участия в ЗПИФ «Золотоматы-1»,Что даёт работа с Finstar Capital
antiinflyacionnayastrategiya,На чём строится доход инвестора,Как устроено участие в фонде,Почему модель можно рассматривать с Finstar Capital
antiinflyacionnyaktiv,Что лежит в основе доходности,Параметры участия в ЗПИФ «Золотоматы-1»,Что даёт работа с Finstar Capital
antiinflyaciya,Из чего складывается доход модели,Формат участия в ЗПИФ «Золотоматы-1»,Почему модель заслуживает рассмотрения
antyinflyacionnoezoloto,Как устроена логика дохода,Формат участия в ЗПИФ «Золотоматы-1»,Почему эту модель выбирают с Finstar
arendairenta,Что лежит в основе доходности,Основные условия участия в модели,Почему структуру можно рассматривать с Finstar
balansfonda,Почему здесь есть экономическая основа,Формат участия в ЗПИФ «Золотоматы-1»,Почему эту модель выбирают с Finstar
balansportfelya,Почему фондовая модель работает,Как войти в фонд и на каких условиях,Почему структуру можно рассматривать с Finstar
bankovskiprodukt,Как устроена логика дохода,"Формат входа, дохода и выхода",Почему эту модель выбирают с Finstar
bankovskiyvklad,Почему модель создаёт доход,Параметры участия в ЗПИФ «Золотоматы-1»,Почему модель можно рассматривать с Finstar
bazovyerynki,Почему фондовая модель работает,Основные условия участия в модели,Почему модель можно рассматривать с Finstar Capital
bezdepozitnoylogiki,Почему здесь есть экономическая основа,Параметры участия в ЗПИФ «Золотоматы-1»,Почему модель можно рассматривать с Finstar
bezprolongacii,Почему здесь есть экономическая основа,Условия участия в ЗПИФ «Золотоматы-1»,Почему модель можно рассматривать с Finstar
bezzkladnoylogiki,Почему модель создаёт доход,Параметры участия в ЗПИФ «Золотоматы-1»,Почему модель можно рассматривать с Finstar
birzhevoezoloto,Почему модель создаёт доход,Ключевые условия участия в фонде,Почему модель можно рассматривать с Finstar
birzhevoyprodukt,Почему фондовая модель работает,"Формат входа, дохода и выхода",Почему эту модель выбирают с Finstar
birzhevoyvyhod,Почему фондовая модель работает,Ключевые условия участия в фонде,Что даёт работа с Finstar Capital
biznesmodelgoldex,Почему здесь есть экономическая основа,Как устроено участие в фонде,Почему структуру можно рассматривать с Finstar
bolshechembank,Как устроена логика дохода,Параметры участия в ЗПИФ «Золотоматы-1»,Что даёт работа с Finstar Capital
bolshechemdepozit,Что лежит в основе доходности,Параметры участия в ЗПИФ «Золотоматы-1»,Что даёт работа с Finstar Capital
bolshechemrynok,На чём строится доход инвестора,Формат участия в ЗПИФ «Золотоматы-1»,Почему модель заслуживает рассмотрения
bolshechemstavka,Из чего складывается доход модели,Как устроено участие в фонде,Почему модель можно рассматривать с Finstar Capital
bolshechemvklad,Как устроена логика дохода,Условия участия для квалифицированных инвесторов,Почему эту модель выбирают с Finstar
bolshedohoda,Из чего складывается доход модели,Условия участия в ЗПИФ «Золотоматы-1»,Что даёт работа с Finstar Capital
bolshevkladastrateg,Почему здесь есть экономическая основа,Как устроено участие в фонде,Почему структуру можно рассматривать с Finstar
bolshieinvesticii,Как устроена логика дохода,Основные условия участия в модели,Почему структуру можно рассматривать с Finstar
bolshoykapital,Из чего складывается доход модели,Условия участия для квалифицированных инвесторов,Почему модель заслуживает рассмотрения
cashflowgoldex,Почему модель создаёт доход,Как устроено участие в фонде,Почему модель можно рассматривать с Finstar Capital
cashflowinvestora,Как устроена логика дохода,Как устроено участие в фонде,Почему структуру можно рассматривать с Finstar
chastichnyvykup,На чём строится доход инвестора,Как войти в фонд и на каких условиях,Почему структуру можно рассматривать с Finstar
chastnyinvestor,Что лежит в основе доходности,Параметры участия в ЗПИФ «Золотоматы-1»,Что даёт работа с Finstar Capital
chastnykapital,Как устроена логика дохода,Как войти в фонд и на каких условиях,Почему модель можно рассматривать с Finstar Capital
chemzamenitvklad,Что лежит в основе доходности,Формат участия в ЗПИФ «Золотоматы-1»,Почему эту модель выбирают с Finstar
chtokupitvmesto,Почему модель создаёт доход,"Формат входа, дохода и выхода",Почему модель заслуживает рассмотрения
chtonuzhnodlyakvala,На чём строится доход инвестора,Основные условия участия в модели,Почему модель можно рассматривать с Finstar Capital
chtovmestovklada,Почему модель создаёт доход,Формат участия в ЗПИФ «Золотоматы-1»,Почему модель заслуживает рассмотрения
chtovybratgoldex,Почему модель создаёт доход,Основные условия участия в модели,Почему структуру можно рассматривать с Finstar
denegivmestovklada,Почему здесь есть экономическая основа,Формат участия в ЗПИФ «Золотоматы-1»,Почему модель заслуживает рассмотрения
denezhnyipotok,Из чего складывается доход модели,Условия участия в ЗПИФ «Золотоматы-1»,Почему модель можно рассматривать с Finstar
denezhnyipotokfonda,Почему модель создаёт доход,"Формат входа, дохода и выхода",Почему модель заслуживает рассмотрения
denezhnyypotokkv,Почему фондовая модель работает,Как войти в фонд и на каких условиях,Почему модель можно рассматривать с Finstar Capital
dengiotobescenivaniya,На чём строится доход инвестора,Ключевые условия участия в фонде,Что даёт работа с Finstar Capital
dengipokvartalno,Как устроена логика дохода,Условия участия в ЗПИФ «Золотоматы-1»,Что даёт работа с Finstar Capital
dengiposlevklada,Почему модель создаёт доход,Как устроено участие в фонде,Почему структуру можно рассматривать с Finstar
dengipristavke,Как устроена логика дохода,Формат участия в ЗПИФ «Золотоматы-1»,Почему модель заслуживает рассмотрения
depozitbezbanki,Почему модель создаёт доход,Условия участия для квалифицированных инвесторов,Почему модель заслуживает рассмотрения
depozitdrugoyformat,Что лежит в основе доходности,Условия участия в ЗПИФ «Золотоматы-1»,Что даёт работа с Finstar Capital
depozitilikapital,Почему здесь есть экономическая основа,Как войти в фонд и на каких условиях,Почему структуру можно рассматривать с Finstar
depozititalternativa,Из чего складывается доход модели,Условия участия в ЗПИФ «Золотоматы-1»,Что даёт работа с Finstar Capital
depozitnayamodel,Из чего складывается доход модели,Основные условия участия в модели,Почему модель можно рассматривать с Finstar Capital
depozitovoyalternative,Из чего складывается доход модели,Условия участия в ЗПИФ «Золотоматы-1»,Почему модель можно рассматривать с Finstar Capital
depozitunazamenu,На чём строится доход инвестора,Ключевые условия участия в фонде,Почему модель можно рассматривать с Finstar
depozitunazmenu,Что лежит в основе доходности,Ключевые условия участия в фонде,Что даёт работа с Finstar Capital
devvalrisk,Почему здесь есть экономическая основа,Условия участия для квалифицированных инвесторов,Почему модель заслуживает рассмотрения
dohodbezruchnogo,Почему здесь есть экономическая основа,Условия участия для квалифицированных инвесторов,Почему эту модель выбирают с Finstar
dohodbezugolov,Что лежит в основе доходности,Ключевые условия участия в фонде,Почему модель можно рассматривать с Finstar
dohodcherezopcion,Из чего складывается доход модели,Основные условия участия в модели,Почему модель можно рассматривать с Finstar Capital
dohodcherezvykup,На чём строится доход инвестора,Формат участия в ЗПИФ «Золотоматы-1»,Почему эту модель выбирают с Finstar
dohoddlyainvestora,Как устроена логика дохода,Условия участия для квалифицированных инвесторов,Почему модель заслуживает рассмотрения
dohoddlyakvala,Из чего складывается доход модели,"Формат входа, дохода и выхода",Почему модель заслуживает рассмотрения
dohodfondagoldex,Почему фондовая модель работает,Как войти в фонд и на каких условиях,Почему структуру можно рассматривать с Finstar
dohodgoldex,Почему здесь есть экономическая основа,"Формат входа, дохода и выхода",Почему модель заслуживает рассмотрения
dohodikapital,Как устроена логика дохода,Формат участия в ЗПИФ «Золотоматы-1»,Почему модель заслуживает рассмотрения
dohodinvestora,Почему фондовая модель работает,Основные условия участия в модели,Почему модель можно рассматривать с Finstar Capital
dohodivyhod,Почему фондовая модель работает,Условия участия в ЗПИФ «Золотоматы-1»,Почему модель можно рассматривать с Finstar
dohodizashchita,Из чего складывается доход модели,"Формат входа, дохода и выхода",Почему эту модель выбирают с Finstar
dohodnadvkladom,Почему модель создаёт доход,"Формат входа, дохода и выхода",Почему модель заслуживает рассмотрения
dohodnayaalternativa,Почему здесь есть экономическая основа,Как войти в фонд и на каких условиях,Почему структуру можно рассматривать с Finstar
dohodnayamehanika,Почему модель создаёт доход,Условия участия для квалифицированных инвесторов,Почему эту модель выбирают с Finstar
dohodnayamodelfonda,Как устроена логика дохода,Как войти в фонд и на каких условиях,Почему структуру можно рассматривать с Finstar
dohodnayanedvizhimost,Как устроена логика дохода,Параметры участия в ЗПИФ «Золотоматы-1»,Почему модель можно рассматривать с Finstar
dohodnostdlyakvala,Из чего складывается доход модели,Условия участия для квалифицированных инвесторов,Почему модель заслуживает рассмотрения
dohodnyipotencial,На чём строится доход инвестора,"Формат входа, дохода и выхода",Почему эту модель выбирают с Finstar
dohodnyprodukt,Из чего складывается доход модели,Условия участия в ЗПИФ «Золотоматы-1»,Почему модель можно рассматривать с Finstar
dohodnyyformat,Почему здесь есть экономическая основа,Как устроено участие в фонде,Почему модель можно рассматривать с Finstar Capital
dohodnyykval,Почему здесь есть экономическая основа,Параметры участия в ЗПИФ «Золотоматы-1»,Что даёт работа с Finstar Capital
dohodnyyvmestodepozita,Почему здесь есть экономическая основа,Условия участия для квалифицированных инвесторов,Почему модель заслуживает рассмотрения
dohodpokvartalno,На чём строится доход инвестора,Основные условия участия в модели,Почему модель можно рассматривать с Finstar Capital
dohodposlestatusa,Почему фондовая модель работает,Ключевые условия участия в фонде,Почему модель можно рассматривать с Finstar
dohodpotokirr,На чём строится доход инвестора,Ключевые условия участия в фонде,Что даёт работа с Finstar Capital
dohodpristavke,Почему модель создаёт доход,"Формат входа, дохода и выхода",Почему эту модель выбирают с Finstar
dohodsvyplatami,Что лежит в основе доходности,Как устроено участие в фонде,Почему структуру можно рассматривать с Finstar
dohodvmestodepozita,Почему модель создаёт доход,Условия участия для квалифицированных инвесторов,Почему модель заслуживает рассмотрения
dohodvmestovklada,Из чего складывается доход модели,Как войти в фонд и на каких условиях,Почему модель можно рассматривать с Finstar Capital
dohodvyshevklada,Почему модель создаёт доход,Формат участия в ЗПИФ «Золотоматы-1»,Почему модель заслуживает рассмотрения
dokumentydlyagoldex,Почему модель создаёт доход,Формат участия в ЗПИФ «Золотоматы-1»,Почему эту модель выбирают с Finstar
dokumentydlyavhoda,Как устроена логика дохода,Параметры участия в ЗПИФ «Золотоматы-1»,Что даёт работа с Finstar Capital
dokumentykvala,Из чего складывается доход модели,Как войти в фонд и на каких условиях,Почему структуру можно рассматривать с Finstar
dolgayazashchita,На чём строится доход инвестора,Условия участия в ЗПИФ «Золотоматы-1»,Почему модель можно рассматривать с Finstar
dolgiedengi,Что лежит в основе доходности,Как устроено участие в фонде,Почему структуру можно рассматривать с Finstar
dolgovieinstrumenty,Почему здесь есть экономическая основа,Формат участия в ЗПИФ «Золотоматы-1»,Почему модель заслуживает рассмотрения
dolyakapitala,Как устроена логика дохода,Основные условия участия в модели,Почему модель можно рассматривать с Finstar Capital
dolyivykup,Как устроена логика дохода,Как войти в фонд и на каких условиях,Почему модель можно рассматривать с Finstar Capital
dopolnitelnyvyhod,На чём строится доход инвестора,Как войти в фонд и на каких условиях,Почему структуру можно рассматривать с Finstar
dopuskkinvesticiyam,На чём строится доход инвестора,Параметры участия в ЗПИФ «Золотоматы-1»,Почему модель можно рассматривать с Finstar
dorogiedengi,Как устроена логика дохода,Параметры участия в ЗПИФ «Золотоматы-1»,Что даёт работа с Finstar Capital
dorogoyrynok,Что лежит в основе доходности,Как устроено участие в фонде,Почему модель можно рассматривать с Finstar Capital
dosrochnayalikvidnost,На чём строится доход инвестора,"Формат входа, дохода и выхода",Почему эту модель выбирают с Finstar
dosrochnyyvyhod,Почему здесь есть экономическая основа,Условия участия для квалифицированных инвесторов,Почему эту модель выбирают с Finstar
dostupkinstrumentam,Из чего складывается доход модели,Как устроено участие в фонде,Почему структуру можно рассматривать с Finstar
dostupkzolotu,На чём строится доход инвестора,Условия участия в ЗПИФ «Золотоматы-1»,Что даёт работа с Finstar Capital
drugoechemvklad,Почему фондовая модель работает,Условия участия в ЗПИФ «Золотоматы-1»,Почему модель можно рассматривать с Finstar
ekonomikagoldex,Что лежит в основе доходности,Ключевые условия участия в фонде,Почему модель можно рассматривать с Finstar
etfiligoldex,Как устроена логика дохода,Условия участия для квалифицированных инвесторов,Почему модель можно рассматривать с Finstar
etfilireshenie,Почему модель создаёт доход,Параметры участия в ЗПИФ «Золотоматы-1»,Почему модель можно рассматривать с Finstar Capital
fiksirovannydohod,Почему здесь есть экономическая основа,Как устроено участие в фонде,Почему модель заслуживает рассмотрения
finalnyvykup,Из чего складывается доход модели,Формат участия в ЗПИФ «Золотоматы-1»,Почему эту модель выбирают с Finstar
finmodelgoldex,Как устроена логика дохода,Условия участия в ЗПИФ «Золотоматы-1»,Что даёт работа с Finstar Capital
fizicheskoezolotogoldex,Почему фондовая модель работает,Как устроено участие в фонде,Почему модель можно рассматривать с Finstar Capital
fizicheskoezolotoiligoldex,Почему фондовая модель работает,Параметры участия в ЗПИФ «Золотоматы-1»,Что даёт работа с Finstar Capital
fondidayutpotok,Почему модель создаёт доход,"Формат входа, дохода и выхода",Почему эту модель выбирают с Finstar
fondipribyl,На чём строится доход инвестора,Основные условия участия в модели,Почему модель можно рассматривать с Finstar Capital
fondnazoloto,Почему здесь есть экономическая основа,Условия участия для квалифицированных инвесторов,Почему эту модель выбирают с Finstar
fondovayamodel,На чём строится доход инвестора,"Формат входа, дохода и выхода",Почему эту модель выбирают с Finstar
fondovayamodeldohoda,На чём строится доход инвестора,"Формат входа, дохода и выхода",Почему эту модель выбирают с Finstar
fondovayashema,Почему фондовая модель работает,Ключевые условия участия в фонде,Почему структуру можно рассматривать с Finstar
fondpoluchaetdohod,Из чего складывается доход модели,Ключевые условия участия в фонде,Что даёт работа с Finstar Capital
fondsimushchestvom,Как устроена логика дохода,Как устроено участие в фонде,Почему модель можно рассматривать с Finstar Capital
fondsopcionom,На чём строится доход инвестора,Условия участия в ЗПИФ «Золотоматы-1»,Что даёт работа с Finstar Capital
fondsrentoy,Почему фондовая модель работает,Как устроено участие в фонде,Почему модель можно рассматривать с Finstar Capital
fondsvykupom,Почему модель создаёт доход,Ключевые условия участия в фонде,Что даёт работа с Finstar Capital
fondzolotomatov,Почему модель создаёт доход,Ключевые условия участия в фонде,Что даёт работа с Finstar Capital
formatdlyakapitala,Почему модель создаёт доход,Ключевые условия участия в фонде,Почему модель можно рассматривать с Finstar
formatdlyakvala,Что лежит в основе доходности,Условия участия для квалифицированных инвесторов,Почему эту модель выбирают с Finstar
formatvykupa,Почему здесь есть экономическая основа,Ключевые условия участия в фонде,Что даёт работа с Finstar Capital
garantvyykupa,Из чего складывается доход модели,Параметры участия в ЗПИФ «Золотоматы-1»,Почему модель можно рассматривать с Finstar
gdeiskatdohodnost,Почему фондовая модель работает,Как устроено участие в фонде,Почему структуру можно рассматривать с Finstar
gdeiskatkvalu,Как устроена логика дохода,Основные условия участия в модели,Почему модель можно рассматривать с Finstar Capital
gdeparkovatsummu,На чём строится доход инвестора,Как войти в фонд и на каких условиях,Почему структуру можно рассматривать с Finstar
geopoliticheskayanestabilnost,На чём строится доход инвестора,Формат участия в ЗПИФ «Золотоматы-1»,Почему модель заслуживает рассмотрения
geopoliticheskiyperiod,Почему здесь есть экономическая основа,Ключевые условия участия в фонде,Почему модель можно рассматривать с Finstar
geopoliticheskoedavlenie,Как устроена логика дохода,Ключевые условия участия в фонде,Почему модель можно рассматривать с Finstar
geopolitikakapitala,Почему модель создаёт доход,"Формат входа, дохода и выхода",Почему эту модель выбирают с Finstar
goldexaktiv,Почему здесь есть экономическая основа,Основные условия участия в модели,Почему модель можно рассматривать с Finstar Capital
goldexantiinflyaciya,Как устроена логика дохода,"Формат входа, дохода и выхода",Почему модель заслуживает рассмотрения
goldexbezsekreta,Как устроена логика дохода,Условия участия в ЗПИФ «Золотоматы-1»,Почему модель можно рассматривать с Finstar
goldexdlyakapitala,Почему модель создаёт доход,Условия участия в ЗПИФ «Золотоматы-1»,Что даёт работа с Finstar Capital
goldexdlyakogo,На чём строится доход инвестора,Ключевые условия участия в фонде,Почему модель можно рассматривать с Finstar
goldexdohod,Что лежит в основе доходности,Ключевые условия участия в фонде,Что даёт работа с Finstar Capital
goldexdohodnost,Из чего складывается доход модели,Условия участия в ЗПИФ «Золотоматы-1»,Что даёт работа с Finstar Capital
goldexdokumenty,На чём строится доход инвестора,Как войти в фонд и на каких условиях,Почему модель можно рассматривать с Finstar Capital
goldexfond,Как устроена логика дохода,Условия участия в ЗПИФ «Золотоматы-1»,Почему модель можно рассматривать с Finstar
goldexgold,Как устроена логика дохода,"Формат входа, дохода и выхода",Почему модель заслуживает рассмотрения
goldexilietf,На чём строится доход инвестора,Как устроено участие в фонде,Почему модель можно рассматривать с Finstar Capital
goldexilimonety,Почему модель создаёт доход,Параметры участия в ЗПИФ «Золотоматы-1»,Что даёт работа с Finstar Capital
goldexilinedvizhimost,Как устроена логика дохода,Условия участия в ЗПИФ «Золотоматы-1»,Что даёт работа с Finstar Capital
goldexiliobligacii,Почему фондовая модель работает,Условия участия для квалифицированных инвесторов,Почему эту модель выбирают с Finstar
goldexilislitki,Почему модель создаёт доход,Условия участия в ЗПИФ «Золотоматы-1»,Почему модель можно рассматривать с Finstar
goldexilivklad,На чём строится доход инвестора,Основные условия участия в модели,Почему структуру можно рассматривать с Finstar
goldexilizoloto,Почему здесь есть экономическая основа,Условия участия для квалифицированных инвесторов,Почему эту модель выбирают с Finstar
goldexinvest,Почему фондовая модель работает,Основные условия участия в модели,Почему эту модель выбирают с Finstar
goldexkapital,Почему фондовая модель работает,Как устроено участие в фонде,Почему структуру можно рассматривать с Finstar
goldexkval,Как устроена логика дохода,Как устроено участие в фонде,Почему структуру можно рассматривать с Finstar
goldexkvartal,Из чего складывается доход модели,Формат участия в ЗПИФ «Золотоматы-1»,Почему модель заслуживает рассмотрения
goldexlikvidnost,На чём строится доход инвестора,Основные условия участия в модели,Почему модель можно рассматривать с Finstar Capital
goldexmehanika,Из чего складывается доход модели,Формат участия в ЗПИФ «Золотоматы-1»,Почему эту модель выбирают с Finstar
goldexmodel,Как устроена логика дохода,Как войти в фонд и на каких условиях,Почему структуру можно рассматривать с Finstar
goldexmoex,Почему фондовая модель работает,Параметры участия в ЗПИФ «Золотоматы-1»,Почему модель можно рассматривать с Finstar
goldexneetf,Как устроена логика дохода,Как войти в фонд и на каких условиях,Почему модель можно рассматривать с Finstar Capital
goldexopcion,Почему модель создаёт доход,Условия участия в ЗПИФ «Золотоматы-1»,Что даёт работа с Finstar Capital
goldexpai,Как устроена логика дохода,Параметры участия в ЗПИФ «Золотоматы-1»,Почему модель можно рассматривать с Finstar
goldexpoformule,Что лежит в основе доходности,Параметры участия в ЗПИФ «Золотоматы-1»,Что даёт работа с Finstar Capital
goldexpokupaet,Что лежит в основе доходности,"Формат входа, дохода и выхода",Почему модель заслуживает рассмотрения
goldexpotok,Почему модель создаёт доход,Условия участия для квалифицированных инвесторов,Почему эту модель выбирают с Finstar
goldexprodukt,Что лежит в основе доходности,Условия участия в ЗПИФ «Золотоматы-1»,Почему модель можно рассматривать с Finstar
goldexprotivetf,Что лежит в основе доходности,Формат участия в ЗПИФ «Золотоматы-1»,Почему эту модель выбирают с Finstar
goldexprotivnedvizhimosti,Почему здесь есть экономическая основа,"Формат входа, дохода и выхода",Почему модель заслуживает рассмотрения
goldexprotivobligaciy,На чём строится доход инвестора,"Формат входа, дохода и выхода",Почему модель заслуживает рассмотрения
goldexprotivrublya,Почему фондовая модель работает,Основные условия участия в модели,Почему модель можно рассматривать с Finstar Capital
goldexprotivslitkov,Из чего складывается доход модели,Формат участия в ЗПИФ «Золотоматы-1»,Почему модель заслуживает рассмотрения
goldexprotivvklada,Как устроена логика дохода,"Формат входа, дохода и выхода",Почему эту модель выбирают с Finstar
goldexrenta,Как устроена логика дохода,Условия участия для квалифицированных инвесторов,Почему модель заслуживает рассмотрения
goldexshagzashagom,Почему здесь есть экономическая основа,Как устроено участие в фонде,Почему структуру можно рассматривать с Finstar
goldexvmesto,Почему модель создаёт доход,Условия участия для квалифицированных инвесторов,Почему эту модель выбирают с Finstar
goldexvmestodepozita,На чём строится доход инвестора,Параметры участия в ЗПИФ «Золотоматы-1»,Почему модель заслуживает рассмотрения
goldexvsankcii,Как устроена логика дохода,Как устроено участие в фонде,Почему модель можно рассматривать с Finstar Capital
goldexvsetf,Как устроена логика дохода,Как войти в фонд и на каких условиях,Почему модель можно рассматривать с Finstar Capital
goldexvsnedvizhimost,Почему здесь есть экономическая основа,Параметры участия в ЗПИФ «Золотоматы-1»,Почему модель можно рассматривать с Finstar
goldexvsobligacii,Почему здесь есть экономическая основа,"Формат входа, дохода и выхода",Почему эту модель выбирают с Finstar
goldexvsslitki,Что лежит в основе доходности,Условия участия для квалифицированных инвесторов,Почему эту модель выбирают с Finstar
goldexvsvklad,На чём строится доход инвестора,Параметры участия в ЗПИФ «Золотоматы-1»,Почему модель можно рассматривать с Finstar
goldexvszoloto,Что лежит в основе доходности,Параметры участия в ЗПИФ «Золотоматы-1»,Что даёт работа с Finstar Capital
goldexvyhod,Что лежит в основе доходности,Ключевые условия участия в фонде,Почему модель можно рассматривать с Finstar
goldexvykup,На чём строится доход инвестора,Формат участия в ЗПИФ «Золотоматы-1»,Почему эту модель выбирают с Finstar
goldexzashchita,Почему здесь есть экономическая основа,Параметры участия в ЗПИФ «Золотоматы-1»,Почему модель можно рассматривать с Finstar
grafikviplat,На чём строится доход инвестора,"Формат входа, дохода и выхода",Почему модель заслуживает рассмотрения
grafikvykupa,Почему модель создаёт доход,Как войти в фонд и на каких условиях,Почему модель можно рассматривать с Finstar Capital
ideyadlyakapitala,Почему модель создаёт доход,Условия участия в ЗПИФ «Золотоматы-1»,Почему модель можно рассматривать с Finstar
ilinedvizhimost,Почему модель создаёт доход,Как войти в фонд и на каких условиях,Почему структуру можно рассматривать с Finstar
imushchestvoipo,Из чего складывается доход модели,Параметры участия в ЗПИФ «Золотоматы-1»,Почему модель можно рассматривать с Finstar
inflyaciyabezpoter,Как устроена логика дохода,"Формат входа, дохода и выхода",Почему эту модель выбирают с Finstar
inflyaciyaizoloto,Из чего складывается доход модели,Параметры участия в ЗПИФ «Золотоматы-1»,Что даёт работа с Finstar Capital
instrumentdlyakvala,На чём строится доход инвестора,Формат участия в ЗПИФ «Золотоматы-1»,Почему модель заслуживает рассмотрения
instrumentdohoda,На чём строится доход инвестора,Формат участия в ЗПИФ «Золотоматы-1»,Почему эту модель выбирают с Finstar
instrumentkapitala,Из чего складывается доход модели,Ключевые условия участия в фонде,Что даёт работа с Finstar Capital
instrumentoborota,На чём строится доход инвестора,Как устроено участие в фонде,Почему модель можно рассматривать с Finstar Capital
instrumentvmestovklada,Почему фондовая модель работает,Формат участия в ЗПИФ «Золотоматы-1»,Почему модель заслуживает рассмотрения
instrumentzashchity,На чём строится доход инвестора,Параметры участия в ЗПИФ «Золотоматы-1»,Что даёт работа с Finstar Capital
investcherezpai,Как устроена логика дохода,Как войти в фонд и на каких условиях,Почему модель можно рассматривать с Finstar Capital
investdlyakapitala,На чём строится доход инвестора,Ключевые условия участия в фонде,Что даёт работа с Finstar Capital
investicii-v-zoloto,Почему здесь есть экономическая основа,Условия участия для квалифицированных инвесторов,Почему модель заслуживает рассмотрения
investiciidlyakapitala,Почему здесь есть экономическая основа,Условия участия в ЗПИФ «Золотоматы-1»,Почему модель можно рассматривать с Finstar
investicionnayamodel,Почему модель создаёт доход,Как устроено участие в фонде,Почему структуру можно рассматривать с Finstar
investicionnayapoziciya,На чём строится доход инвестора,Как войти в фонд и на каких условиях,Почему модель можно рассматривать с Finstar Capital
investicionnayastruktura,Почему модель создаёт доход,Параметры участия в ЗПИФ «Золотоматы-1»,Что даёт работа с Finstar Capital
investicionnayazashchita,Почему модель создаёт доход,Основные условия участия в модели,Почему модель можно рассматривать с Finstar Capital
investicionnyeriski,Почему фондовая модель работает,Формат участия в ЗПИФ «Золотоматы-1»,Почему модель заслуживает рассмотрения
investmodelgoldex,Что лежит в основе доходности,Параметры участия в ЗПИФ «Золотоматы-1»,Почему модель можно рассматривать с Finstar
investorietf,Что лежит в основе доходности,Условия участия для квалифицированных инвесторов,Почему эту модель выбирают с Finstar
investorizoloto,Почему здесь есть экономическая основа,"Формат входа, дохода и выхода",Почему модель заслуживает рассмотрения
investorkapitala,Что лежит в основе доходности,Как войти в фонд и на каких условиях,Почему структуру можно рассматривать с Finstar
investorkrupnoysummy,Из чего складывается доход модели,Условия участия в ЗПИФ «Золотоматы-1»,Почему эту модель выбирают с Finstar
investornedvizhimosti,На чём строится доход инвестора,Условия участия в ЗПИФ «Золотоматы-1»,Что даёт работа с Finstar Capital
investorobligacii,Из чего складывается доход модели,Основные условия участия в модели,Почему структуру можно рассматривать с Finstar
investorprodukt,Что лежит в основе доходности,Условия участия для квалифицированных инвесторов,Почему модель заслуживает рассмотрения
investorslitki,Как устроена логика дохода,Ключевые условия участия в фонде,Что даёт работа с Finstar Capital
investorustatusa,Из чего складывается доход модели,Как устроено участие в фонде,Почему структуру можно рассматривать с Finstar
investposlestatusa,Как устроена логика дохода,"Формат входа, дохода и выхода",Почему модель заслуживает рассмотрения
investpotokgoldex,Почему модель создаёт доход,Как войти в фонд и на каких условиях,Почему структуру можно рассматривать с Finstar
investstrategiya,Почему модель создаёт доход,Формат участия в ЗПИФ «Золотоматы-1»,Почему эту модель выбирают с Finstar
investstruktura,Почему здесь есть экономическая основа,Как войти в фонд и на каких условиях,Почему структуру можно рассматривать с Finstar
investuroven,На чём строится доход инвестора,Условия участия в ЗПИФ «Золотоматы-1»,Что даёт работа с Finstar Capital
irrentaru,Что лежит в основе доходности,Условия участия в ЗПИФ «Золотоматы-1»,Почему модель можно рассматривать с Finstar
irrigoldex,На чём строится доход инвестора,Условия участия в ЗПИФ «Золотоматы-1»,Почему модель можно рассматривать с Finstar
irrirenta,Из чего складывается доход модели,Основные условия участия в модели,Почему модель можно рассматривать с Finstar Capital
istochnikdohodagoldex,Почему модель создаёт доход,Условия участия для квалифицированных инвесторов,Почему модель заслуживает рассмотрения
izvkladavinvest,Из чего складывается доход модели,Условия участия для квалифицированных инвесторов,Почему модель заслуживает рассмотрения
kakiedokumentynuzhny,Из чего складывается доход модели,Параметры участия в ЗПИФ «Золотоматы-1»,Почему модель можно рассматривать с Finstar
kakkupitpay,Из чего складывается доход модели,Основные условия участия в модели,Почему структуру можно рассматривать с Finstar
kakrabotaetfondzolotomatov,Как устроена логика дохода,Условия участия в ЗПИФ «Золотоматы-1»,Почему модель можно рассматривать с Finstar
kakschitatirr,Из чего складывается доход модели,Основные условия участия в модели,Почему структуру можно рассматривать с Finstar
kakstatkvalom,Почему фондовая модель работает,Формат участия в ЗПИФ «Золотоматы-1»,Почему эту модель выбирают с Finstar
kakustroendohod,Почему фондовая модель работает,Как войти в фонд и на каких условиях,Почему структуру можно рассматривать с Finstar
kakvyytiranshe,Что лежит в основе доходности,"Формат входа, дохода и выхода",Почему эту модель выбирают с Finstar
kakzarabatyvaetgoldex,Почему фондовая модель работает,Как войти в фонд и на каких условиях,Почему структуру можно рассматривать с Finstar
kanalvyhoda,Из чего складывается доход модели,Ключевые условия участия в фонде,Почему модель можно рассматривать с Finstar
kapitalbezdepozita,Почему модель создаёт доход,Как устроено участие в фонде,Почему структуру можно рассматривать с Finstar
kapitalbezobescenivaniya,Как устроена логика дохода,"Формат входа, дохода и выхода",Почему модель заслуживает рассмотрения
kapitalbezrublariskov,Почему фондовая модель работает,Ключевые условия участия в фонде,Почему модель заслуживает рассмотрения
kapitalbolshoysummy,Почему фондовая модель работает,Как устроено участие в фонде,Почему структуру можно рассматривать с Finstar
kapitalidayetdohod,Почему здесь есть экономическая основа,Условия участия для квалифицированных инвесторов,Почему эту модель выбирают с Finstar
kapitalidohod,Почему модель создаёт доход,Как войти в фонд и на каких условиях,Что даёт работа с Finstar Capital
kapitalilietf,Что лежит в основе доходности,"Формат входа, дохода и выхода",Почему эту модель выбирают с Finstar
kapitaliligoldex,Что лежит в основе доходности,Основные условия участия в модели,Почему модель можно рассматривать с Finstar Capital
kapitaliliobligacii,На чём строится доход инвестора,Параметры участия в ЗПИФ «Золотоматы-1»,Что даёт работа с Finstar Capital
kapitalilislitki,Почему фондовая модель работает,Параметры участия в ЗПИФ «Золотоматы-1»,Почему модель можно рассматривать с Finstar
kapitalilivklad,Почему модель создаёт доход,Параметры участия в ЗПИФ «Золотоматы-1»,Почему модель можно рассматривать с Finstar
kapitalilizoloto,Что лежит в основе доходности,Параметры участия в ЗПИФ «Золотоматы-1»,Почему модель можно рассматривать с Finstar
kapitalinedvizhimost,Почему здесь есть экономическая основа,Ключевые условия участия в фонде,Что даёт работа с Finstar Capital
kapitalivyhod,Почему фондовая модель работает,"Формат входа, дохода и выхода",Почему эту модель выбирают с Finstar
kapitalnaryinke,На чём строится доход инвестора,Условия участия для квалифицированных инвесторов,Почему модель заслуживает рассмотрения
kapitalotinflyacii,Что лежит в основе доходности,Условия участия в ЗПИФ «Золотоматы-1»,Что даёт работа с Finstar Capital
kapitalposlekvala,На чём строится доход инвестора,Параметры участия в ЗПИФ «Золотоматы-1»,Что даёт работа с Finstar Capital
kapitalposlestatusa,Как устроена логика дохода,Условия участия для квалифицированных инвесторов,Почему модель заслуживает рассмотрения
kapitalpristavke,Как устроена логика дохода,Условия участия для квалифицированных инвесторов,Почему эту модель выбирают с Finstar
kapitalslogikoy,Почему фондовая модель работает,Основные условия участия в модели,Почему структуру можно рассматривать с Finstar
kapitalvdele,Что лежит в основе доходности,Условия участия в ЗПИФ «Золотоматы-1»,Почему модель можно рассматривать с Finstar
kapitalvinstrumente,Почему фондовая модель работает,Основные условия участия в модели,Почему модель можно рассматривать с Finstar Capital
kapitalvmestobanka,Из чего складывается доход модели,Ключевые условия участия в фонде,Что даёт работа с Finstar Capital
kapitalvmestovklada,На чём строится доход инвестора,Параметры участия в ЗПИФ «Золотоматы-1»,Почему модель можно рассматривать с Finstar
kapitalvnezbanka,На чём строится доход инвестора,Условия участия для квалифицированных инвесторов,Почему эту модель выбирают с Finstar
kapitalvrealnyaktiv,Почему модель создаёт доход,Как устроено участие в фонде,Почему модель можно рассматривать с Finstar Capital
kapitalvsankcii,Из чего складывается доход модели,"Формат входа, дохода и выхода",Почему эту модель выбирают с Finstar
kapitalvtrudnyevremena,Почему здесь есть экономическая основа,Формат участия в ЗПИФ «Золотоматы-1»,Почему эту модель выбирают с Finstar
kapitalvybor,На чём строится доход инвестора,Формат участия в ЗПИФ «Золотоматы-1»,Почему эту модель выбирают с Finstar
kapitalvysheurovnya,Почему модель создаёт доход,"Формат входа, дохода и выхода",Почему эту модель выбирают с Finstar
kapitalvzamysle,Почему здесь есть экономическая основа,Ключевые условия участия в фонде,Почему модель можно рассматривать с Finstar
kapitalvzolote,Почему здесь есть экономическая основа,Параметры участия в ЗПИФ «Золотоматы-1»,Что даёт работа с Finstar Capital
keshfloufonda,Из чего складывается доход модели,Основные условия участия в модели,Почему модель можно рассматривать с Finstar Capital
klassicheskieresheniya,Почему фондовая модель работает,Основные условия участия в модели,Почему модель можно рассматривать с Finstar Capital
klassicheskiyetf,Что лежит в основе доходности,Ключевые условия участия в фонде,Почему модель можно рассматривать с Finstar
klassicheskiyobekt,Почему здесь есть экономическая основа,Основные условия участия в модели,Почему модель можно рассматривать с Finstar Capital
klyuchevayastavka,Как устроена логика дохода,Условия участия для квалифицированных инвесторов,Почему модель заслуживает рассмотрения
klyuchevyeriski,На чём строится доход инвестора,Как войти в фонд и на каких условиях,Почему структуру можно рассматривать с Finstar
kollebaniyarublya,Из чего складывается доход модели,Ключевые условия участия в фонде,Почему модель можно рассматривать с Finstar
komudostupenfond,Почему фондовая модель работает,Ключевые условия участия в фонде,Почему модель можно рассматривать с Finstar
konservativnyportfel,На чём строится доход инвестора,Условия участия для квалифицированных инвесторов,Почему эту модель выбирают с Finstar
kromevklada,Почему модель создаёт доход,Параметры участия в ЗПИФ «Золотоматы-1»,Почему модель можно рассматривать с Finstar
krupnayasumma,Что лежит в основе доходности,Условия участия в ЗПИФ «Золотоматы-1»,Почему модель можно рассматривать с Finstar
krupnayasummakuda,Что лежит в основе доходности,Формат участия в ЗПИФ «Золотоматы-1»,Почему модель заслуживает рассмотрения
krupnayasummaru,Что лежит в основе доходности,Как войти в фонд и на каких условиях,Почему структуру можно рассматривать с Finstar
krupnykapital,Почему модель создаёт доход,Параметры участия в ЗПИФ «Золотоматы-1»,Что даёт работа с Finstar Capital
krupnyyschetideya,Что лежит в основе доходности,Основные условия участия в модели,Почему структуру можно рассматривать с Finstar
ktomozhetinvestirovat,Как устроена логика дохода,Формат участия в ЗПИФ «Золотоматы-1»,Почему эту модель выбирают с Finstar
kudakvaluzadokhodom,Почему модель создаёт доход,Основные условия участия в модели,Почему модель можно рассматривать с Finstar Capital
kudapereyti,Почему здесь есть экономическая основа,Как войти в фонд и на каких условиях,Почему структуру можно рассматривать с Finstar
kudavlozhitkapital,Как устроена логика дохода,"Формат входа, дохода и выхода",Почему эту модель выбирают с Finstar
kudavlozhitposlevklada,Как устроена логика дохода,Формат участия в ЗПИФ «Золотоматы-1»,Почему эту модель выбирают с Finstar
kupitpaigoldex,Из чего складывается доход модели,Как устроено участие в фонде,Почему модель можно рассматривать с Finstar Capital
kupitpayfonde,Почему модель создаёт доход,Условия участия в ЗПИФ «Золотоматы-1»,Почему модель можно рассматривать с Finstar
kvalinvestorgoldex,Почему модель создаёт доход,Условия участия в ЗПИФ «Золотоматы-1»,Что даёт работа с Finstar Capital
kvalinvestoru,На чём строится доход инвестора,Условия участия для квалифицированных инвесторов,Почему модель заслуживает рассмотрения
kvalovybor,Почему здесь есть экономическая основа,Основные условия участия в модели,Почему структуру можно рассматривать с Finstar
kvalpassivnyydohod,Почему фондовая модель работает,"Формат входа, дохода и выхода",Почему эту модель выбирают с Finstar
kvalproformat,На чём строится доход инвестора,Как устроено участие в фонде,Почему модель можно рассматривать с Finstar Capital
kvalstatuskak,Как устроена логика дохода,Основные условия участия в модели,Почему модель можно рассматривать с Finstar Capital
kvalstatuskapital,Почему здесь есть экономическая основа,Параметры участия в ЗПИФ «Золотоматы-1»,Что даёт работа с Finstar Capital
kvaludochodnost,Почему фондовая модель работает,Как устроено участие в фонде,Почему модель можно рассматривать с Finstar Capital
kvalusmysl,Почему фондовая модель работает,Основные условия участия в модели,Почему модель можно рассматривать с Finstar Capital
kvartalnydohod,Почему здесь есть экономическая основа,Основные условия участия в модели,Почему модель можно рассматривать с Finstar Capital
kvartalnyevyplaty,Из чего складывается доход модели,"Формат входа, дохода и выхода",Почему модель заслуживает рассмотрения
kvartalnyipotok,Почему здесь есть экономическая основа,Основные условия участия в модели,Почему модель можно рассматривать с Finstar Capital
kvartalnyyformatdohoda,Что лежит в основе доходности,Ключевые условия участия в фонде,Почему модель можно рассматривать с Finstar
kvartalnyypotok,Как устроена логика дохода,Условия участия в ЗПИФ «Золотоматы-1»,Почему структуру можно рассматривать с Finstar
likvidnostcherezmoex,На чём строится доход инвестора,Основные условия участия в модели,Почему структуру можно рассматривать с Finstar
likvidnostdlyainvestora,Как устроена логика дохода,Основные условия участия в модели,Почему структуру можно рассматривать с Finstar
likvidnostfonda,На чём строится доход инвестора,Параметры участия в ЗПИФ «Золотоматы-1»,Почему модель можно рассматривать с Finstar
likvidnostgoldex,Что лежит в основе доходности,"Формат входа, дохода и выхода",Почему модель заслуживает рассмотрения
likvidnostpaevgoldex,Почему модель создаёт доход,Как войти в фонд и на каких условиях,Почему модель можно рассматривать с Finstar Capital
likvidnostranye,На чём строится доход инвестора,Ключевые условия участия в фонде,Почему модель можно рассматривать с Finstar
logikadohoda,Что лежит в основе доходности,Основные условия участия в модели,Почему структуру можно рассматривать с Finstar
logikafonda,Почему фондовая модель работает,Формат участия в ЗПИФ «Золотоматы-1»,Почему модель заслуживает рассмотрения
logikalikvidnosti,Почему фондовая модель работает,Основные условия участия в модели,Почему модель можно рассматривать с Finstar Capital
luchshedepozita,Из чего складывается доход модели,Условия участия в ЗПИФ «Золотоматы-1»,Почему модель можно рассматривать с Finstar
luchsheetf,Почему модель создаёт доход,Как войти в фонд и на каких условиях,Почему модель можно рассматривать с Finstar Capital
luchsheobligaciy,На чём строится доход инвестора,Ключевые условия участия в фонде,Почему модель можно рассматривать с Finstar
luchsheslitkov,Как устроена логика дохода,Условия участия в ЗПИФ «Золотоматы-1»,Что даёт работа с Finstar Capital
luchshevklada,Почему здесь есть экономическая основа,Как устроено участие в фонде,Почему структуру можно рассматривать с Finstar
luchshezolota,Почему здесь есть экономическая основа,Как войти в фонд и на каких условиях,Почему структуру можно рассматривать с Finstar
massovayalineyka,Что лежит в основе доходности,Как устроено участие в фонде,Почему структуру можно рассматривать с Finstar
materialnyeaktivy,Из чего складывается доход модели,Условия участия для квалифицированных инвесторов,Почему эту модель выбирают с Finstar
mechanikaopciona,Почему модель создаёт доход,Условия участия для квалифицированных инвесторов,Почему модель заслуживает рассмотрения
mechanikavykupa,Почему фондовая модель работает,Основные условия участия в модели,Почему структуру можно рассматривать с Finstar
mehanikaopciona,На чём строится доход инвестора,Параметры участия в ЗПИФ «Золотоматы-1»,Что даёт работа с Finstar Capital
model50na50,Почему фондовая модель работает,Как войти в фонд и на каких условиях,Почему модель можно рассматривать с Finstar Capital
modeldohoda,Почему здесь есть экономическая основа,Формат участия в ЗПИФ «Золотоматы-1»,Почему модель заслуживает рассмотрения
modeldohodafonda,Как устроена логика дохода,Основные условия участия в модели,Почему структуру можно рассматривать с Finstar
modelkapitala,Почему фондовая модель работает,Условия участия в ЗПИФ «Золотоматы-1»,Что даёт работа с Finstar Capital
modelmoex,Что лежит в основе доходности,Формат участия в ЗПИФ «Золотоматы-1»,Почему модель заслуживает рассмотрения
modelpotoka,Почему фондовая модель работает,Условия участия в ЗПИФ «Золотоматы-1»,Почему модель можно рассматривать с Finstar
modelvyhoda,Почему фондовая модель работает,Как устроено участие в фонде,Почему структуру можно рассматривать с Finstar
modelvykupa,Из чего складывается доход модели,Условия участия для квалифицированных инвесторов,Почему эту модель выбирают с Finstar
modelzolota,На чём строится доход инвестора,"Формат входа, дохода и выхода",Почему эту модель выбирают с Finstar
modelzolotomatov,Как устроена логика дохода,Параметры участия в ЗПИФ «Золотоматы-1»,Почему модель можно рассматривать с Finstar
moexkanalvyhoda,На чём строится доход инвестора,Основные условия участия в модели,Почему структуру можно рассматривать с Finstar
moexvyhod,Что лежит в основе доходности,Параметры участия в ЗПИФ «Золотоматы-1»,Почему модель можно рассматривать с Finstar
monetydlyakapitala,Из чего складывается доход модели,Формат участия в ЗПИФ «Золотоматы-1»,Почему модель заслуживает рассмотрения
nebirzhevoyprodukt,Что лежит в основе доходности,Ключевые условия участия в фонде,Почему модель можно рассматривать с Finstar
nebumazhnayaobolochka,Как устроена логика дохода,"Формат входа, дохода и выхода",Почему эту модель выбирают с Finstar
nedvizhimostiligoldex,Из чего складывается доход модели,Как устроено участие в фонде,Почему модель можно рассматривать с Finstar Capital
neetf,Как устроена логика дохода,Как войти в фонд и на каких условиях,Почему структуру можно рассматривать с Finstar
neetfnazoloto,Что лежит в основе доходности,Основные условия участия в модели,Почему модель можно рассматривать с Finstar Capital
neprostodostup,На чём строится доход инвестора,Формат участия в ЗПИФ «Золотоматы-1»,Почему эту модель выбирают с Finstar
neprostokupongoldex,Из чего складывается доход модели,Формат участия в ЗПИФ «Золотоматы-1»,Почему модель заслуживает рассмотрения
neprostopovtorenie,На чём строится доход инвестора,Условия участия в ЗПИФ «Золотоматы-1»,Почему модель можно рассматривать с Finstar
nestabilnayasreda,Что лежит в основе доходности,Как устроено участие в фонде,Почему модель можно рассматривать с Finstar Capital
nestabilnostizoloto,Почему модель создаёт доход,Параметры участия в ЗПИФ «Золотоматы-1»,Почему модель можно рассматривать с Finstar
nestabilnyrynok,Что лежит в основе доходности,Основные условия участия в модели,Почему структуру можно рассматривать с Finstar
nestandartnyresheniya,Почему фондовая модель работает,Как войти в фонд и на каких условиях,Почему структуру можно рассматривать с Finstar
netolkorostceny,Почему здесь есть экономическая основа,Условия участия в ЗПИФ «Золотоматы-1»,Почему модель можно рассматривать с Finstar
nevkladgoldex,На чём строится доход инвестора,Формат участия в ЗПИФ «Золотоматы-1»,Почему модель заслуживает рассмотрения
newformatinvestora,На чём строится доход инвестора,Как войти в фонд и на каких условиях,Почему структуру можно рассматривать с Finstar
novayadohodnost,Из чего складывается доход модели,"Формат входа, дохода и выхода",Почему модель заслуживает рассмотрения
novyiinveststatus,На чём строится доход инвестора,Формат участия в ЗПИФ «Золотоматы-1»,Почему эту модель выбирают с Finstar
novyystatusnovyyvybor,Что лежит в основе доходности,Условия участия в ЗПИФ «Золотоматы-1»,Что даёт работа с Finstar Capital
obespechennyinvestor,Что лежит в основе доходности,"Формат входа, дохода и выхода",Почему модель заслуживает рассмотрения
obligaciiiligoldex,Как устроена логика дохода,Как устроено участие в фонде,Почему структуру можно рассматривать с Finstar
oborotfonda,Почему здесь есть экономическая основа,Как устроено участие в фонде,Почему модель можно рассматривать с Finstar Capital
oborotnostinstrumenta,Что лежит в основе доходности,Параметры участия в ЗПИФ «Золотоматы-1»,Почему модель можно рассматривать с Finstar
oborotnostpaev,Почему фондовая модель работает,Условия участия для квалифицированных инвесторов,Почему эту модель выбирают с Finstar
oborudovanieifond,Из чего складывается доход модели,Условия участия в ЗПИФ «Золотоматы-1»,Почему модель можно рассматривать с Finstar
oborudovanieipo,На чём строится доход инвестора,Параметры участия в ЗПИФ «Золотоматы-1»,Что даёт работа с Finstar Capital
obyazatelnyivykup,Что лежит в основе доходности,"Формат входа, дохода и выхода",Почему эту модель выбирают с Finstar
obyazatelnyvykup,Почему здесь есть экономическая основа,Как устроено участие в фонде,Почему структуру можно рассматривать с Finstar
odnadvadcatshestaya,Почему здесь есть экономическая основа,Ключевые условия участия в фонде,Что даёт работа с Finstar Capital
oformitstatus,На чём строится доход инвестора,Условия участия для квалифицированных инвесторов,Почему модель заслуживает рассмотрения
oformleniepaya,Из чего складывается доход модели,Условия участия в ЗПИФ «Золотоматы-1»,Что даёт работа с Finstar Capital
ogranicheniyairiski,Почему модель создаёт доход,Формат участия в ЗПИФ «Золотоматы-1»,Почему эту модель выбирают с Finstar
opciondlyadohoda,Что лежит в основе доходности,Ключевые условия участия в фонде,Почему модель можно рассматривать с Finstar
opciondlyavykupa,Что лежит в основе доходности,Ключевые условия участия в фонде,Почему модель можно рассматривать с Finstar
opcionivyhod,Почему здесь есть экономическая основа,Условия участия в ЗПИФ «Золотоматы-1»,Почему модель можно рассматривать с Finstar
opcionnavykup,На чём строится доход инвестора,Условия участия для квалифицированных инвесторов,Почему модель заслуживает рассмотрения
opcionnaya-logika,Почему модель создаёт доход,"Формат входа, дохода и выхода",Почему модель заслуживает рассмотрения
opcionnydohod,Почему здесь есть экономическая основа,Основные условия участия в модели,Почему модель можно рассматривать с Finstar Capital
opcionnyipotok,Что лежит в основе доходности,Как устроено участие в фонде,Почему эту модель выбирают с Finstar
opcionnyydohod,Что лежит в основе доходности,Как устроено участие в фонде,Что даёт работа с Finstar Capital
opcionpaev,Почему модель создаёт доход,Формат участия в ЗПИФ «Золотоматы-1»,Почему модель заслуживает рассмотрения
operatorarenta,Что лежит в основе доходности,Как устроено участие в фонде,Почему модель можно рассматривать с Finstar Capital
operatoripribyl,Из чего складывается доход модели,Ключевые условия участия в фонде,Почему модель можно рассматривать с Finstar
oporadlyakapitala,Из чего складывается доход модели,Как устроено участие в фонде,Почему модель можно рассматривать с Finstar Capital
opornyaktiv,Как устроена логика дохода,Условия участия в ЗПИФ «Золотоматы-1»,Что даёт работа с Finstar Capital
osnovadohoda,На чём строится доход инвестора,Параметры участия в ЗПИФ «Золотоматы-1»,Что даёт работа с Finstar Capital
otdepozitakproduktu,Из чего складывается доход модели,Основные условия участия в модели,Почему структуру можно рассматривать с Finstar
otkudadohodgoldex,На чём строится доход инвестора,"Формат входа, дохода и выхода",Почему модель заслуживает рассмотрения
otlichieotetf,Что лежит в основе доходности,Как устроено участие в фонде,Почему модель можно рассматривать с Finstar Capital
otlichieotnedvizhimosti,Из чего складывается доход модели,Ключевые условия участия в фонде,Что даёт работа с Finstar Capital
otlichieotobligaciy,Что лежит в основе доходности,Условия участия для квалифицированных инвесторов,Почему эту модель выбирают с Finstar
otlichieotslitkov,Почему здесь есть экономическая основа,"Формат входа, дохода и выхода",Почему эту модель выбирают с Finstar
otlichieotvklada,Почему модель создаёт доход,Основные условия участия в модели,Почему модель можно рассматривать с Finstar Capital
otlichieotzolota,Почему модель создаёт доход,Ключевые условия участия в фонде,Что даёт работа с Finstar Capital
otvetdlyakvala,Почему фондовая модель работает,Условия участия для квалифицированных инвесторов,Почему эту модель выбирают с Finstar
otvkladakaktivu,Почему фондовая модель работает,Как устроено участие в фонде,Почему модель можно рассматривать с Finstar Capital
otvkladakdohodu,Почему фондовая модель работает,Условия участия для квалифицированных инвесторов,Почему модель заслуживает рассмотрения
paibezzamka,Что лежит в основе доходности,Основные условия участия в модели,Почему модель можно рассматривать с Finstar Capital
paifonda,Почему здесь есть экономическая основа,Условия участия в ЗПИФ «Золотоматы-1»,Что даёт работа с Finstar Capital
paikvala,Что лежит в основе доходности,Основные условия участия в модели,Почему структуру можно рассматривать с Finstar
paketdokumentov,Как устроена логика дохода,Ключевые условия участия в фонде,Почему модель можно рассматривать с Finstar
passivnydohodkvala,Как устроена логика дохода,Условия участия в ЗПИФ «Золотоматы-1»,Что даёт работа с Finstar Capital
passivnyetf,Почему здесь есть экономическая основа,Ключевые условия участия в фонде,Почему модель можно рассматривать с Finstar
passivnyydohodkvalu,Что лежит в основе доходности,"Формат входа, дохода и выхода",Почему эту модель выбирают с Finstar
passivnyyformatkvala,Как устроена логика дохода,Основные условия участия в модели,Почему структуру можно рассматривать с Finstar
payovyyopcion,Как устроена логика дохода,Основные условия участия в модели,Почему модель можно рассматривать с Finstar
perechendokumentov,Почему модель создаёт доход,Формат участия в ЗПИФ «Золотоматы-1»,Почему структуру можно рассматривать с Finstar
perehodizvklada,Из чего складывается доход модели,Основные условия участия в модели,Почему структуру можно рассматривать с Finstar
peremennayarenta,Почему модель создаёт доход,Условия участия для квалифицированных инвесторов,Почему эту модель выбирают с Finstar
perevodizvklada,Что лежит в основе доходности,Ключевые условия участия в фонде,Почему эту модель выбирают с Finstar
perezhitinflyaciyu,Почему модель создаёт доход,Условия участия для квалифицированных инвесторов,Почему модель заслуживает рассмотрения
perezhitnestabilnost,Почему фондовая модель работает,Условия участия для квалифицированных инвесторов,Почему модель заслуживает рассмотрения
perezhitsankcii,Что лежит в основе доходности,Условия участия в ЗПИФ «Золотоматы-1»,Что даёт работа с Finstar Capital
periodneopredelennosti,Почему модель создаёт доход,Параметры участия в ЗПИФ «Золотоматы-1»,Почему модель можно рассматривать с Finstar
periodnestabilnosti,Почему модель создаёт доход,"Формат входа, дохода и выхода",Почему эту модель выбирают с Finstar
pochemunetf,Что лежит в основе доходности,"Формат входа, дохода и выхода",Почему эту модель выбирают с Finstar
podgotovkakvhodu,Что лежит в основе доходности,Как устроено участие в фонде,Почему структуру можно рассматривать с Finstar
poetapnyvykup,Почему модель создаёт доход,Условия участия в ЗПИФ «Золотоматы-1»,Что даёт работа с Finstar Capital
poinabalanse,Как устроена логика дохода,Условия участия для квалифицированных инвесторов,Почему модель заслуживает рассмотрения
poiskdlyakvala,На чём строится доход инвестора,"Формат входа, дохода и выхода",Что даёт работа с Finstar Capital
pokupatelnayasposobnost,Что лежит в основе доходности,Условия участия в ЗПИФ «Золотоматы-1»,Что даёт работа с Finstar Capital
pokupkapaya,Что лежит в основе доходности,Формат участия в ЗПИФ «Золотоматы-1»,Почему эту модель выбирают с Finstar
pokvartalnydohod,Что лежит в основе доходности,Условия участия для квалифицированных инвесторов,Почему модель заслуживает рассмотрения
pokvartalnyivykup,Почему фондовая модель работает,Условия участия для квалифицированных инвесторов,Почему структуру можно рассматривать с Finstar
pokvartalnyvykup,Почему здесь есть экономическая основа,Ключевые условия участия в фонде,Что даёт работа с Finstar Capital
poluchitkvala,Как устроена логика дохода,Параметры участия в ЗПИФ «Золотоматы-1»,Почему модель можно рассматривать с Finstar
poluchitstatuskvala,Почему модель создаёт доход,Формат участия в ЗПИФ «Золотоматы-1»,Что даёт работа с Finstar Capital
ponyatnayaalternativa,Почему фондовая модель работает,Как войти в фонд и на каких условиях,Почему структуру можно рассматривать с Finstar
ponyatnayabaza,Из чего складывается доход модели,"Формат входа, дохода и выхода",Почему эту модель выбирают с Finstar
ponyatnayalikvidnost,На чём строится доход инвестора,Параметры участия в ЗПИФ «Золотоматы-1»,Что даёт работа с Finstar Capital
ponyatnayamodel,Из чего складывается доход модели,Как войти в фонд и на каких условиях,Почему структуру можно рассматривать с Finstar
ponyatnayaschema,Почему модель создаёт доход,Как устроено участие в фонде,Почему структуру можно рассматривать с Finstar
ponyatnayastruktura,Почему фондовая модель работает,Формат участия в ЗПИФ «Золотоматы-1»,Почему эту модель выбирают с Finstar
ponyatnycashflow,Почему фондовая модель работает,Параметры участия в ЗПИФ «Золотоматы-1»,Что даёт работа с Finstar Capital
ponyatnydohod,Как устроена логика дохода,Параметры участия в ЗПИФ «Золотоматы-1»,Почему модель можно рассматривать с Finstar
ponyatnygrafik,Из чего складывается доход модели,Как войти в фонд и на каких условиях,Почему структуру можно рассматривать с Finstar
ponyatnyopcion,Как устроена логика дохода,Условия участия в ЗПИФ «Золотоматы-1»,Почему модель можно рассматривать с Finstar
ponyatnyprodukt,Как устроена логика дохода,Условия участия для квалифицированных инвесторов,Почему модель заслуживает рассмотрения
ponyatnyvyhod,Из чего складывается доход модели,Ключевые условия участия в фонде,Что даёт работа с Finstar Capital
ponyatnyyvyhod,Почему здесь есть экономическая основа,Условия участия в ЗПИФ «Золотоматы-1»,Что даёт работа с Finstar Capital
portfelzashchity,Из чего складывается доход модели,Условия участия для квалифицированных инвесторов,Почему эту модель выбирают с Finstar
poslebazy,На чём строится доход инвестора,Условия участия в ЗПИФ «Золотоматы-1»,Что даёт работа с Finstar Capital
posledepozita,Почему модель создаёт доход,Ключевые условия участия в фонде,Что даёт работа с Finstar Capital
poslekvalastatusa,Почему фондовая модель работает,Ключевые условия участия в фонде,Что даёт работа с Finstar Capital
posleokonchaniyavklada,Почему модель создаёт доход,Ключевые условия участия в фонде,Что даёт работа с Finstar Capital
poslestatusakuda,Почему здесь есть экономическая основа,Как устроено участие в фонде,Почему модель можно рассматривать с Finstar Capital
poslestatusakvala,Почему здесь есть экономическая основа,Условия участия для квалифицированных инвесторов,Почему модель заслуживает рассмотрения
potencialvyshe,Что лежит в основе доходности,Условия участия для квалифицированных инвесторов,Почему модель заслуживает рассмотрения
potokcherezfond,Что лежит в основе доходности,"Формат входа, дохода и выхода",Почему модель заслуживает рассмотрения
potokcherezopcion,Как устроена логика дохода,Как устроено участие в фонде,Почему модель можно рассматривать с Finstar Capital
potokdeneggoldex,Как устроена логика дохода,Как устроено участие в фонде,Почему структуру можно рассматривать с Finstar
potokdlyakvala,Почему фондовая модель работает,"Формат входа, дохода и выхода",Почему модель заслуживает рассмотрения
potokdlyapayshika,Из чего складывается доход модели,Параметры участия в ЗПИФ «Золотоматы-1»,Что даёт работа с Finstar Capital
potokfonda,На чём строится доход инвестора,Условия участия в ЗПИФ «Золотоматы-1»,Что даёт работа с Finstar Capital
potokgoldex,На чём строится доход инвестора,Как устроено участие в фонде,Почему модель можно рассматривать с Finstar Capital
potokkazhdykvartal,Как устроена логика дохода,Как войти в фонд и на каких условиях,Почему модель можно рассматривать с Finstar Capital
potoknakapital,Почему модель создаёт доход,Условия участия для квалифицированных инвесторов,Почему эту модель выбирают с Finstar
potokotfonda,Почему фондовая модель работает,"Формат входа, дохода и выхода",Почему эту модель выбирают с Finstar
potokotoperatora,Почему модель создаёт доход,Условия участия в ЗПИФ «Золотоматы-1»,Что даёт работа с Finstar Capital
potokpokvartalu,Почему здесь есть экономическая основа,Как войти в фонд и на каких условиях,Почему модель можно рассматривать с Finstar Capital
potoksvyplatami,Что лежит в основе доходности,Как войти в фонд и на каких условиях,Почему структуру можно рассматривать с Finstar
potokviplat,Почему модель создаёт доход,Параметры участия в ЗПИФ «Золотоматы-1»,Что даёт работа с Finstar Capital
pribylcherezrentu,Из чего складывается доход модели,Параметры участия в ЗПИФ «Золотоматы-1»,Что даёт работа с Finstar Capital
pribylfonda,На чём строится доход инвестора,Как войти в фонд и на каких условиях,Почему модель можно рассматривать с Finstar Capital
pribylgoldex,Из чего складывается доход модели,"Формат входа, дохода и выхода",Почему эту модель выбирают с Finstar
pribyliirenta,На чём строится доход инвестора,Как устроено участие в фонде,Почему структуру можно рассматривать с Finstar
pribyloperatora,На чём строится доход инвестора,Условия участия для квалифицированных инвесторов,Почему эту модель выбирают с Finstar
pribylzolotomatov,Что лежит в основе доходности,Основные условия участия в модели,Почему модель можно рассматривать с Finstar Capital
privatekapitalformat,Почему здесь есть экономическая основа,Условия участия в ЗПИФ «Золотоматы-1»,Что даёт работа с Finstar Capital
privychnyinstrumenty,Как устроена логика дохода,Условия участия для квалифицированных инвесторов,Почему эту модель выбирают с Finstar
produktdlyainvestora,Почему модель создаёт доход,Как войти в фонд и на каких условиях,Почему структуру можно рассматривать с Finstar
produktdlyakapitala,Из чего складывается доход модели,Как войти в фонд и на каких условиях,Почему модель можно рассматривать с Finstar Capital
produktdlyakvala,Что лежит в основе доходности,Как устроено участие в фонде,Почему модель можно рассматривать с Finstar Capital
produktdohoda,Что лежит в основе доходности,Ключевые условия участия в фонде,Что даёт работа с Finstar Capital
produktnazolote,Почему фондовая модель работает,Формат участия в ЗПИФ «Золотоматы-1»,Почему эту модель выбирают с Finstar
produktovayaliniya,Почему фондовая модель работает,Как устроено участие в фонде,Почему модель можно рассматривать с Finstar Capital
produktspotokom,Почему фондовая модель работает,Основные условия участия в модели,Почему структуру можно рассматривать с Finstar
produktsvyhodom,Как устроена логика дохода,Ключевые условия участия в фонде,Что даёт работа с Finstar Capital
produktsvykupom,Почему модель создаёт доход,Основные условия участия в модели,Почему модель можно рассматривать с Finstar Capital
produktsvyplatami,Почему модель создаёт доход,Как войти в фонд и на каких условиях,Почему структуру можно рассматривать с Finstar
produktvmestodepozita,Почему модель создаёт доход,Основные условия участия в модели,Почему структуру можно рассматривать с Finstar
produktvmestoetf,Почему фондовая модель работает,Как войти в фонд и на каких условиях,Почему модель можно рассматривать с Finstar Capital
produktvmestonedvizhimosti,Почему фондовая модель работает,Условия участия для квалифицированных инвесторов,Почему эту модель выбирают с Finstar
produktvmestoobligaciy,Почему фондовая модель работает,"Формат входа, дохода и выхода",Почему эту модель выбирают с Finstar
produktvmestoslitkov,Из чего складывается доход модели,Как войти в фонд и на каких условиях,Почему структуру можно рассматривать с Finstar
produktvmestozolota,Почему здесь есть экономическая основа,Основные условия участия в модели,Почему модель можно рассматривать с Finstar Capital
prognosiruemyvyhod,Как устроена логика дохода,Как устроено участие в фонде,Почему структуру можно рассматривать с Finstar
prolongaciivmesto,Почему здесь есть экономическая основа,Параметры участия в ЗПИФ «Золотоматы-1»,Почему модель можно рассматривать с Finstar
protivinflyaciizoloto,Почему здесь есть экономическая основа,Параметры участия в ЗПИФ «Золотоматы-1»,Что даёт работа с Finstar Capital
pryamoevladenie,Почему модель создаёт доход,Как устроено участие в фонде,Почему модель можно рассматривать с Finstar Capital
pryamoezoloto,Что лежит в основе доходности,Как войти в фонд и на каких условиях,Почему структуру можно рассматривать с Finstar
q28vykup,Из чего складывается доход модели,Как устроено участие в фонде,Почему структуру можно рассматривать с Finstar
rabotagoldex,Из чего складывается доход модели,Формат участия в ЗПИФ «Золотоматы-1»,Почему модель заслуживает рассмотрения
rannevyyhodizfonda,Почему здесь есть экономическая основа,Основные условия участия в модели,Почему структуру можно рассматривать с Finstar
ranniyvyhod,Как устроена логика дохода,Как устроено участие в фонде,Почему модель можно рассматривать с Finstar Capital
raschyotirr,На чём строится доход инвестора,"Формат входа, дохода и выхода",Почему эту модель выбирают с Finstar
raspredeleniedohoda,Почему здесь есть экономическая основа,Формат участия в ЗПИФ «Золотоматы-1»,Почему модель заслуживает рассмотрения
raspredeleniepribyli,На чём строится доход инвестора,Как устроено участие в фонде,Почему модель можно рассматривать с Finstar Capital
rasshirennyinstrumenty,Как устроена логика дохода,"Формат входа, дохода и выхода",Почему модель заслуживает рассмотрения
razborfinmodeli,Из чего складывается доход модели,Условия участия в ЗПИФ «Золотоматы-1»,Что даёт работа с Finstar Capital
razmeshcheniekapitala,Почему фондовая модель работает,Формат участия в ЗПИФ «Золотоматы-1»,Почему модель заслуживает рассмотрения
razmeshcheniesredstv,На чём строится доход инвестора,Основные условия участия в модели,Почему структуру можно рассматривать с Finstar
razmestitdengi,Что лежит в основе доходности,Параметры участия в ЗПИФ «Золотоматы-1»,Почему модель можно рассматривать с Finstar
razmestitkapital,Почему модель создаёт доход,"Формат входа, дохода и выхода",Почему эту модель выбирают с Finstar
razmestitposlestatusa,Что лежит в основе доходности,Как войти в фонд и на каких условиях,Почему модель можно рассматривать с Finstar Capital
raznicaetf,Почему фондовая модель работает,Формат участия в ЗПИФ «Золотоматы-1»,Почему модель заслуживает рассмотрения
realnoeimushchestvo,Почему фондовая модель работает,Основные условия участия в модели,Почему структуру можно рассматривать с Finstar
realnoezoloto,Почему здесь есть экономическая основа,Условия участия в ЗПИФ «Золотоматы-1»,Почему модель можно рассматривать с Finstar
realnyaktiv,Почему здесь есть экономическая основа,Как войти в фонд и на каких условиях,Почему структуру можно рассматривать с Finstar
realnyaktivfonda,Почему модель создаёт доход,Ключевые условия участия в фонде,Что даёт работа с Finstar Capital
realnybiznes,Почему фондовая модель работает,Параметры участия в ЗПИФ «Золотоматы-1»,Что даёт работа с Finstar Capital
regulyarnydohod,Почему здесь есть экономическая основа,Как устроено участие в фонде,Почему структуру можно рассматривать с Finstar
regulyarnyeviplaty,Что лежит в основе доходности,Как войти в фонд и на каких условиях,Почему модель можно рассматривать с Finstar Capital
regulyarnyevyplaty,Почему модель создаёт доход,"Формат входа, дохода и выхода",Почему модель заслуживает рассмотрения
renta50otpribyli,Почему фондовая модель работает,"Формат входа, дохода и выхода",Почему модель заслуживает рассмотрения
rentacherezpribyl,Почему здесь есть экономическая основа,"Формат входа, дохода и выхода",Почему эту модель выбирают с Finstar
rentafonda,Почему фондовая модель работает,Условия участия для квалифицированных инвесторов,Почему модель заслуживает рассмотрения
rentagoldex,Почему здесь есть экономическая основа,Формат участия в ЗПИФ «Золотоматы-1»,Почему модель заслуживает рассмотрения
rentaidohod,Что лежит в основе доходности,Формат участия в ЗПИФ «Золотоматы-1»,Почему эту модель выбирают с Finstar
rentaizolotomaty,Почему здесь есть экономическая основа,Параметры участия в ЗПИФ «Золотоматы-1»,Почему модель можно рассматривать с Finstar
rentapolovinypribyli,Что лежит в основе доходности,Условия участия для квалифицированных инвесторов,Почему модель заслуживает рассмотрения
rentnypotok,Из чего складывается доход модели,Условия участия для квалифицированных инвесторов,Почему эту модель выбирают с Finstar
resheniedepozitu,Как устроена логика дохода,Как устроено участие в фонде,Почему структуру можно рассматривать с Finstar
resheniedlyakapitala,Что лежит в основе доходности,Параметры участия в ЗПИФ «Золотоматы-1»,Почему модель можно рассматривать с Finstar
resheniedlyakvala,Почему фондовая модель работает,Параметры участия в ЗПИФ «Золотоматы-1»,Что даёт работа с Finstar Capital
reshenievmestovklada,Из чего складывается доход модели,Условия участия для квалифицированных инвесторов,Почему модель заслуживает рассмотрения
riskidlyakvala,Из чего складывается доход модели,"Формат входа, дохода и выхода",Почему эту модель выбирают с Finstar
riskifondazolotomatov,Из чего складывается доход модели,Ключевые условия участия в фонде,Почему модель можно рассматривать с Finstar
riskigoldex,Почему модель создаёт доход,Параметры участия в ЗПИФ «Золотоматы-1»,Почему модель можно рассматривать с Finstar
riskiinvestora,Почему модель создаёт доход,Условия участия для квалифицированных инвесторов,Почему эту модель выбирают с Finstar
riskimodeli,Почему фондовая модель работает,Ключевые условия участия в фонде,Почему модель можно рассматривать с Finstar
riskiperedvhodom,Из чего складывается доход модели,Параметры участия в ЗПИФ «Золотоматы-1»,Почему модель можно рассматривать с Finstar
riskizolotomatov,Почему фондовая модель работает,Условия участия в ЗПИФ «Золотоматы-1»,Что даёт работа с Finstar Capital
rostkapitalagoldex,На чём строится доход инвестора,Как войти в фонд и на каких условиях,Почему структуру можно рассматривать с Finstar
rublevayanestabilnost,Почему здесь есть экономическая основа,Основные условия участия в модели,Почему структуру можно рассматривать с Finstar
rublevyeriski,Из чего складывается доход модели,Формат участия в ЗПИФ «Золотоматы-1»,Почему эту модель выбирают с Finstar
rubliizoloto,Как устроена логика дохода,Ключевые условия участия в фонде,Почему модель можно рассматривать с Finstar
rynochnayanestabilnost,Почему фондовая модель работает,Ключевые условия участия в фонде,Что даёт работа с Finstar Capital
rynochnayaturbulentnost,Как устроена логика дохода,Основные условия участия в модели,Почему структуру можно рассматривать с Finstar
rynokdlyaokna,Почему здесь есть экономическая основа,"Формат входа, дохода и выхода",Почему модель заслуживает рассмотрения
sankciizoloto,Что лежит в основе доходности,Как устроено участие в фонде,Почему модель можно рассматривать с Finstar Capital
sankcionnayasreda,Из чего складывается доход модели,Условия участия в ЗПИФ «Золотоматы-1»,Почему модель можно рассматривать с Finstar
sankcionnoedavlenie,На чём строится доход инвестора,Как войти в фонд и на каких условиях,Почему структуру можно рассматривать с Finstar
sankcionnyeriski,Как устроена логика дохода,Условия участия для квалифицированных инвесторов,Почему модель заслуживает рассмотрения
scenariyvyhoda,На чём строится доход инвестора,Как войти в фонд и на каких условиях,Почему модель можно рассматривать с Finstar Capital
schetpribyli,Из чего складывается доход модели,Основные условия участия в модели,Почему модель можно рассматривать с Finstar Capital
sdelkafonda,Из чего складывается доход модели,Как войти в фонд и на каких условиях,Почему модель можно рассматривать с Finstar Capital
shemainvestora,Из чего складывается доход модели,Параметры участия в ЗПИФ «Золотоматы-1»,Почему модель можно рассматривать с Finstar
silnayadohodnost,Как устроена логика дохода,Параметры участия в ЗПИФ «Золотоматы-1»,Что даёт работа с Finstar Capital
silnee-depozita,Почему фондовая модель работает,Ключевые условия участия в фонде,Что даёт работа с Finstar Capital
silnyprodukt,На чём строится доход инвестора,Формат участия в ЗПИФ «Золотоматы-1»,Почему модель заслуживает рассмотрения
slabiyrubl,Как устроена логика дохода,Параметры участия в ЗПИФ «Золотоматы-1»,Что даёт работа с Finstar Capital
sledushchiyuroven,Почему здесь есть экономическая основа,Как устроено участие в фонде,Почему модель можно рассматривать с Finstar Capital
sleduyushchiyshag,Почему фондовая модель работает,Условия участия для квалифицированных инвесторов,Почему модель заслуживает рассмотрения
slitkidlyakapitala,Из чего складывается доход модели,Формат участия в ЗПИФ «Золотоматы-1»,Почему эту модель выбирают с Finstar
slitkiimonetyiligoldex,Почему здесь есть экономическая основа,Условия участия в ЗПИФ «Золотоматы-1»,Почему модель можно рассматривать с Finstar
sohranenieikapital,Почему фондовая модель работает,Параметры участия в ЗПИФ «Золотоматы-1»,Почему модель можно рассматривать с Finstar
sohranitdengi,Что лежит в основе доходности,Условия участия для квалифицированных инвесторов,Почему модель заслуживает рассмотрения
sohranitkapital,Почему модель создаёт доход,Формат участия в ЗПИФ «Золотоматы-1»,Почему модель заслуживает рассмотрения
spokoynayamodel,Почему здесь есть экономическая основа,Как войти в фонд и на каких условиях,Почему модель можно рассматривать с Finstar Capital
spokoynoerazmeshchenie,Почему модель создаёт доход,Основные условия участия в модели,Почему структуру можно рассматривать с Finstar
sravneniesetf,Как устроена логика дохода,Ключевые условия участия в фонде,Почему модель можно рассматривать с Finstar
sravnitbondyigoldex,Почему модель создаёт доход,Основные условия участия в модели,Почему модель можно рассматривать с Finstar Capital
sravnitgoldexinedvizhimost,Из чего складывается доход модели,Как войти в фонд и на каких условиях,Почему модель можно рассматривать с Finstar Capital
sravnitvkladifond,Почему здесь есть экономическая основа,Параметры участия в ЗПИФ «Золотоматы-1»,Что даёт работа с Finstar Capital
standartynevse,Что лежит в основе доходности,Условия участия в ЗПИФ «Золотоматы-1»,Почему модель можно рассматривать с Finstar
statuskvala,Что лежит в основе доходности,Основные условия участия в модели,Почему структуру можно рассматривать с Finstar
statuskvalinvestora,Почему здесь есть экономическая основа,"Формат входа, дохода и выхода",Почему модель заслуживает рассмотрения
statuspoluchenkuda,Почему здесь есть экономическая основа,Условия участия для квалифицированных инвесторов,Почему модель заслуживает рассмотрения
stavkacbkudavlozhit,Почему фондовая модель работает,Ключевые условия участия в фонде,Что даёт работа с Finstar Capital
stavkaiinflaciya,На чём строится доход инвестора,Основные условия участия в модели,Почему структуру можно рассматривать с Finstar
stavkavyshevklada,Из чего складывается доход модели,Как устроено участие в фонде,Почему структуру можно рассматривать с Finstar
strahovkakapitala,Что лежит в основе доходности,Ключевые условия участия в фонде,Что даёт работа с Finstar Capital
strahovkaotrublya,Почему фондовая модель работает,Условия участия в ЗПИФ «Золотоматы-1»,Почему модель можно рассматривать с Finstar
strategiyakapitala,Что лежит в основе доходности,Основные условия участия в модели,Почему модель можно рассматривать с Finstar Capital
summadlyainvesticiy,Почему здесь есть экономическая основа,Условия участия в ЗПИФ «Золотоматы-1»,Что даёт работа с Finstar Capital
summavrabote,Почему фондовая модель работает,Как устроено участие в фонде,Почему структуру можно рассматривать с Finstar
tipovyeinstrumenty,Почему фондовая модель работает,Ключевые условия участия в фонде,Почему модель можно рассматривать с Finstar
transparentnyvyhod,Что лежит в основе доходности,Условия участия для квалифицированных инвесторов,Почему эту модель выбирают с Finstar
trevozhnayageopolitika,Как устроена логика дохода,Формат участия в ЗПИФ «Золотоматы-1»,Почему модель заслуживает рассмотрения
turbulentnyevremena,Из чего складывается доход модели,Как войти в фонд и на каких условиях,Почему структуру можно рассматривать с Finstar
usloviyadopuska,Из чего складывается доход модели,Формат участия в ЗПИФ «Золотоматы-1»,Почему эту модель выбирают с Finstar
usloviyasankciy,Почему фондовая модель работает,"Формат входа, дохода и выхода",Почему эту модель выбирают с Finstar
usloviyavhoda,Почему фондовая модель работает,Параметры участия в ЗПИФ «Золотоматы-1»,Что даёт работа с Finstar Capital
valyutnayanestabilnost,Как устроена логика дохода,Основные условия участия в модели,Почему структуру можно рассматривать с Finstar
valyutnayatrevoga,Почему фондовая модель работает,Формат участия в ЗПИФ «Золотоматы-1»,Почему эту модель выбирают с Finstar
valyutnayavolatilnost,На чём строится доход инвестора,Основные условия участия в модели,Почему модель можно рассматривать с Finstar Capital
valyutnyeriski,Как устроена логика дохода,Как устроено участие в фонде,Почему модель можно рассматривать с Finstar Capital
vazhnazashchita,Почему фондовая модель работает,Условия участия в ЗПИФ «Золотоматы-1»,Что даёт работа с Finstar Capital
vhodcherezpai,Как устроена логика дохода,Формат участия в ЗПИФ «Золотоматы-1»,Почему модель заслуживает рассмотрения
vhoddlyakvala,Из чего складывается доход модели,Формат участия в ЗПИФ «Золотоматы-1»,Почему модель заслуживает рассмотрения
vhodivyhod,Что лежит в основе доходности,Формат участия в ЗПИФ «Золотоматы-1»,Почему модель заслуживает рассмотрения
vhodivyhodponyatny,На чём строится доход инвестора,Параметры участия в ЗПИФ «Золотоматы-1»,Почему модель можно рассматривать с Finstar
vhodvfond,Как устроена логика дохода,Основные условия участия в модели,Почему структуру можно рассматривать с Finstar
vhodvfonds,Из чего складывается доход модели,Формат участия в ЗПИФ «Золотоматы-1»,Почему модель заслуживает рассмотрения
vhodvzoloto,Почему фондовая модель работает,Основные условия участия в модели,Почему структуру можно рассматривать с Finstar
viplatycherezgoldex,Почему фондовая модель работает,Условия участия для квалифицированных инвесторов,Почему эту модель выбирают с Finstar
vkladailialternativa,Почему фондовая модель работает,Формат участия в ЗПИФ «Золотоматы-1»,Почему эту модель выбирают с Finstar
vkladibolshe,На чём строится доход инвестора,Как устроено участие в фонде,Почему структуру можно рассматривать с Finstar
vkladidohodsravnit,Почему здесь есть экономическая основа,Основные условия участия в модели,Почему структуру можно рассматривать с Finstar
vkladifondsravnit,Почему фондовая модель работает,Условия участия для квалифицированных инвесторов,Почему модель заслуживает рассмотрения
vkladiligoldex,Почему здесь есть экономическая основа,"Формат входа, дохода и выхода",Почему модель можно рассматривать с Finstar Capital
vkladinache,На чём строится доход инвестора,Как войти в фонд и на каких условиях,Почему модель заслуживает рассмотрения
vkladnepredel,Почему модель создаёт доход,Ключевые условия участия в фонде,Почему модель можно рассматривать с Finstar
vlozhenievzoloto,Что лежит в основе доходности,"Формат входа, дохода и выхода",Почему модель заслуживает рассмотрения
vlozhit-v-zoloto,Из чего складывается доход модели,Формат участия в ЗПИФ «Золотоматы-1»,Почему модель можно рассматривать с Finstar Capital
vlozhitdlyadohodagoldex,Почему здесь есть экономическая основа,Как устроено участие в фонде,Почему структуру можно рассматривать с Finstar
vlozhitkrupnosummu,Почему фондовая модель работает,"Формат входа, дохода и выхода",Почему модель заслуживает рассмотрения
vmestobankagoldex,Почему фондовая модель работает,Параметры участия в ЗПИФ «Золотоматы-1»,Что даёт работа с Finstar Capital
vmestobankaprodukt,Почему модель создаёт доход,Формат участия в ЗПИФ «Золотоматы-1»,Почему эту модель выбирают с Finstar
vmestobazy,Почему здесь есть экономическая основа,"Формат входа, дохода и выхода",Почему модель заслуживает рассмотрения
vmestodepozita,Что лежит в основе доходности,Как войти в фонд и на каких условиях,Почему модель можно рассматривать с Finstar Capital
vmestodepozitadohod,Как устроена логика дохода,Условия участия для квалифицированных инвесторов,Почему модель заслуживает рассмотрения
vmestodepozitafond,На чём строится доход инвестора,"Формат входа, дохода и выхода",Почему модель заслуживает рассмотрения
vmestodepozitaprostavku,Почему здесь есть экономическая основа,Основные условия участия в модели,Почему структуру можно рассматривать с Finstar
vmestoetf,Почему модель создаёт доход,Как войти в фонд и на каких условиях,Почему модель можно рассматривать с Finstar Capital
vmestoklassiki,Как устроена логика дохода,Основные условия участия в модели,Почему модель можно рассматривать с Finstar Capital
vmestonedvizhimosti,Почему здесь есть экономическая основа,Как войти в фонд и на каких условиях,Почему модель можно рассматривать с Finstar Capital
vmestoobligaciy,Почему фондовая модель работает,Как устроено участие в фонде,Почему модель можно рассматривать с Finstar Capital
vmestopokupkislitkov,На чём строится доход инвестора,"Формат входа, дохода и выхода",Почему эту модель выбирают с Finstar
vmestopokupkizolota,Из чего складывается доход модели,Условия участия для квалифицированных инвесторов,Почему модель заслуживает рассмотрения
vmestoroznitsy,Что лежит в основе доходности,Как устроено участие в фонде,Почему модель можно рассматривать с Finstar Capital
vmestostandarta,На чём строится доход инвестора,Условия участия для квалифицированных инвесторов,Почему модель заслуживает рассмотрения
vmestostandartnyh,Что лежит в основе доходности,Как устроено участие в фонде,Почему структуру можно рассматривать с Finstar
vmestovklada,Почему здесь есть экономическая основа,Ключевые условия участия в фонде,Почему модель можно рассматривать с Finstar
vmestovkladailibank,На чём строится доход инвестора,Условия участия для квалифицированных инвесторов,Почему эту модель выбирают с Finstar
vmestovkladapristavke,Почему фондовая модель работает,"Формат входа, дохода и выхода",Почему модель заслуживает рассмотрения
vne-standarta,Почему фондовая модель работает,Условия участия в ЗПИФ «Золотоматы-1»,Почему модель можно рассматривать с Finstar
vnebanka,Почему здесь есть экономическая основа,"Формат входа, дохода и выхода",Почему эту модель выбирают с Finstar
vnebankov,Почему здесь есть экономическая основа,Как устроено участие в фонде,Почему структуру можно рассматривать с Finstar
vnebazovyh,На чём строится доход инвестора,"Формат входа, дохода и выхода",Почему эту модель выбирают с Finstar
vnedepozita,Как устроена логика дохода,Параметры участия в ЗПИФ «Золотоматы-1»,Почему модель можно рассматривать с Finstar
vnelineyki,Почему здесь есть экономическая основа,Ключевые условия участия в фонде,Что даёт работа с Finstar Capital
vneportfelya,На чём строится доход инвестора,Условия участия в ЗПИФ «Золотоматы-1»,Почему модель можно рассматривать с Finstar
vnerynka,Как устроена логика дохода,Формат участия в ЗПИФ «Золотоматы-1»,Почему эту модель выбирают с Finstar
vneshnieogranicheniya,Что лежит в основе доходности,Формат участия в ЗПИФ «Золотоматы-1»,Почему модель заслуживает рассмотрения
vneshniykanal,Почему здесь есть экономическая основа,Как устроено участие в фонде,Почему модель можно рассматривать с Finstar Capital
vnevklada,Как устроена логика дохода,Как войти в фонд и на каких условиях,Почему структуру можно рассматривать с Finstar
volatilnostrublya,Как устроена логика дохода,Ключевые условия участия в фонде,Что даёт работа с Finstar Capital
vozvratkapitala,Как устроена логика дохода,"Формат входа, дохода и выхода",Почему модель заслуживает рассмотрения
vtorichnyrynok,На чём строится доход инвестора,Как устроено участие в фонде,Почему структуру можно рассматривать с Finstar
vyboretfili,Как устроена логика дохода,Основные условия участия в модели,Почему структуру можно рассматривать с Finstar
vybormezhdunedvizhimostyu,Почему модель создаёт доход,"Формат входа, дохода и выхода",Почему модель заслуживает рассмотрения
vyborobligaciiiligoldex,На чём строится доход инвестора,Как войти в фонд и на каких условиях,Почему модель можно рассматривать с Finstar Capital
vyborprodukta,Из чего складывается доход модели,Условия участия в ЗПИФ «Золотоматы-1»,Почему модель можно рассматривать с Finstar
vyborvkladailigoldex,Почему модель создаёт доход,Формат участия в ЗПИФ «Золотоматы-1»,Почему эту модель выбирают с Finstar
vyborvmestostandarta,Почему модель создаёт доход,Параметры участия в ЗПИФ «Золотоматы-1»,Почему модель можно рассматривать с Finstar
vyborzolotoiligoldex,Как устроена логика дохода,Основные условия участия в модели,Почему модель можно рассматривать с Finstar Capital
vyhodbezslozhnostey,Как устроена логика дохода,Условия участия в ЗПИФ «Золотоматы-1»,Что даёт работа с Finstar Capital
vyhodcherezopcion,Из чего складывается доход модели,Как войти в фонд и на каких условиях,Почему структуру можно рассматривать с Finstar
vyhoddookonchaniya,Из чего складывается доход модели,"Формат входа, дохода и выхода",Почему модель заслуживает рассмотрения
vyhodidohod,Что лежит в основе доходности,Как войти в фонд и на каких условиях,Почему структуру можно рассматривать с Finstar
vyhodizgoldex,Почему модель создаёт доход,Формат участия в ЗПИФ «Золотоматы-1»,Почему эту модель выбирают с Finstar
vyhodizranyshe,Почему фондовая модель работает,Основные условия участия в модели,Почему модель можно рассматривать с Finstar Capital
vyhodizvklada,Почему модель создаёт доход,Как войти в фонд и на каких условиях,Почему модель можно рассматривать с Finstar Capital
vyhodranshesroka,Как устроена логика дохода,Условия участия в ЗПИФ «Золотоматы-1»,Почему модель можно рассматривать с Finstar
vykupcherezopcion,На чём строится доход инвестора,Условия участия для квалифицированных инвесторов,Почему модель заслуживает рассмотрения
vykupkvartalno,Из чего складывается доход модели,Условия участия для квалифицированных инвесторов,Почему модель заслуживает рассмотрения
vykupodnashestaya,Почему фондовая модель работает,Условия участия для квалифицированных инвесторов,Почему эту модель выбирают с Finstar
vykuppaev,Из чего складывается доход модели,Параметры участия в ЗПИФ «Золотоматы-1»,Что даёт работа с Finstar Capital
vykuppaevgoldex,Почему фондовая модель работает,Условия участия для квалифицированных инвесторов,Почему эту модель выбирают с Finstar
vykuppaevkvartal,Почему здесь есть экономическая основа,Формат участия в ЗПИФ «Золотоматы-1»,Почему эту модель выбирают с Finstar
vykuppaevq28,Почему модель создаёт доход,Условия участия в ЗПИФ «Золотоматы-1»,Почему модель можно рассматривать с Finstar
vykupq28,Как устроена логика дохода,Формат участия в ЗПИФ «Золотоматы-1»,Почему эту модель выбирают с Finstar
vyplatyinvestoru,Из чего складывается доход модели,"Формат входа, дохода и выхода",Почему модель заслуживает рассмотрения
vyplatykakformat,Что лежит в основе доходности,Как войти в фонд и на каких условиях,Почему модель можно рассматривать с Finstar Capital
vyplatykvartalno,Из чего складывается доход модели,"Формат входа, дохода и выхода",Почему эту модель выбирают с Finstar
vyplatyregulyarno,Почему модель создаёт доход,Как войти в фонд и на каких условиях,Почему модель можно рассматривать с Finstar Capital
vyshebanka,Что лежит в основе доходности,Формат участия в ЗПИФ «Золотоматы-1»,Почему эту модель выбирают с Finstar
vyshechemvklad,Почему фондовая модель работает,Условия участия в ЗПИФ «Золотоматы-1»,Почему модель можно рассматривать с Finstar
vyshedepozita,Что лежит в основе доходности,Формат участия в ЗПИФ «Золотоматы-1»,Почему модель заслуживает рассмотрения
vyshedohodavklada,Почему фондовая модель работает,Ключевые условия участия в фонде,Что даёт работа с Finstar Capital
vysherynka,Почему модель создаёт доход,Как войти в фонд и на каких условиях,Почему модель можно рассматривать с Finstar Capital
vyshestavkivklada,Почему модель создаёт доход,Условия участия в ЗПИФ «Золотоматы-1»,Почему модель можно рассматривать с Finstar
vysokayainflyaciirazum,На чём строится доход инвестора,Параметры участия в ЗПИФ «Золотоматы-1»,Что даёт работа с Finstar Capital
vysokayastavka,Что лежит в основе доходности,Как войти в фонд и на каких условиях,Почему модель можно рассматривать с Finstar Capital
vysokayastavkacb,Почему модель создаёт доход,Основные условия участия в модели,Почему структуру можно рассматривать с Finstar
vysokayastavkavybor,Почему здесь есть экономическая основа,Ключевые условия участия в фонде,Что даёт работа с Finstar Capital
vyytiizfonda,Почему фондовая модель работает,"Формат входа, дохода и выхода",Почему модель заслуживает рассмотрения
vyytiizgoldex,Как устроена логика дохода,Ключевые условия участия в фонде,Что даёт работа с Finstar Capital
yakoradlyakapitala,Почему модель создаёт доход,Основные условия участия в модели,Почему модель можно рассматривать с Finstar Capital
yakorkapitala,Как устроена логика дохода,Ключевые условия участия в фонде,Почему модель можно рассматривать с Finstar
zamenadepozita,Почему здесь есть экономическая основа,Ключевые условия участия в фонде,Почему модель можно рассматривать с Finstar
zamenastandartu,Как устроена логика дохода,Условия участия для квалифицированных инвесторов,Почему эту модель выбирают с Finstar
zamenavklada,Почему модель создаёт доход,Формат участия в ЗПИФ «Золотоматы-1»,Почему модель заслуживает рассмотрения
zashchitacherezgoldex,Как устроена логика дохода,Ключевые условия участия в фонде,Что даёт работа с Finstar Capital
zashchitadengey,Из чего складывается доход модели,Условия участия в ЗПИФ «Золотоматы-1»,Почему модель можно рассматривать с Finstar
zashchitainvestora,Почему модель создаёт доход,Как устроено участие в фонде,Почему структуру можно рассматривать с Finstar
zashchitairost,Что лежит в основе доходности,Условия участия для квалифицированных инвесторов,Почему модель заслуживает рассмотрения
zashchitaivyhod,Почему модель создаёт доход,Ключевые условия участия в фонде,Почему модель можно рассматривать с Finstar
zashchitakapitala,Почему модель создаёт доход,Формат участия в ЗПИФ «Золотоматы-1»,Почему эту модель выбирают с Finstar
zashchitaotinflyacii,Почему фондовая модель работает,Параметры участия в ЗПИФ «Золотоматы-1»,Что даёт работа с Finstar Capital
zashchitaotrublya,Как устроена логика дохода,Формат участия в ЗПИФ «Золотоматы-1»,Почему эту модель выбирают с Finstar
zashchitaportfelya,Что лежит в основе доходности,Формат участия в ЗПИФ «Золотоматы-1»,Почему эту модель выбирают с Finstar
zashchitavmestovklada,Почему фондовая модель работает,Ключевые условия участия в фонде,Что даёт работа с Finstar Capital
zashchitazolatamomenty,Почему здесь есть экономическая основа,Условия участия для квалифицированных инвесторов,Почему эту модель выбирают с Finstar
zashchitazolotom,Из чего складывается доход модели,Ключевые условия участия в фонде,Почему модель можно рассматривать с Finstar
zashchitnayadolya,Почему модель создаёт доход,Как войти в фонд и на каких условиях,Почему структуру можно рассматривать с Finstar
zashchitnayalogika,Как устроена логика дохода,Как войти в фонд и на каких условиях,Почему структуру можно рассматривать с Finstar
zashchitnayalternativa,Из чего складывается доход модели,Параметры участия в ЗПИФ «Золотоматы-1»,Что даёт работа с Finstar Capital
zashchitnayideya,На чём строится доход инвестора,Ключевые условия участия в фонде,Почему модель можно рассматривать с Finstar
zashchitnayinvesticiya,Почему модель создаёт доход,Как устроено участие в фонде,Почему модель можно рассматривать с Finstar Capital
zashchitnyaktiv,Почему модель создаёт доход,Основные условия участия в модели,Почему структуру можно рассматривать с Finstar
zashchitnyinstrument,На чём строится доход инвестора,Условия участия в ЗПИФ «Золотоматы-1»,Почему модель можно рассматривать с Finstar
zashchitnyprodukt,Как устроена логика дохода,Формат участия в ЗПИФ «Золотоматы-1»,Почему модель заслуживает рассмотрения
zashchitnyyvmestovklada,Из чего складывается доход модели,Как войти в фонд и на каких условиях,Почему модель можно рассматривать с Finstar Capital
zashchitnyyzoloto,Почему здесь есть экономическая основа,Условия участия в ЗПИФ «Золотоматы-1»,Что даёт работа с Finstar Capital
zlatootinflyacii,На чём строится доход инвестора,Как войти в фонд и на каких условиях,Почему структуру можно рассматривать с Finstar
zolitkikapitala,Из чего складывается доход модели,Параметры участия в ЗПИФ «Золотоматы-1»,Почему модель можно рассматривать с Finstar
zolotayadohodnost,Что лежит в основе доходности,Основные условия участия в модели,Почему модель можно рассматривать с Finstar Capital
zolotayafunkciya,Почему здесь есть экономическая основа,Как войти в фонд и на каких условиях,Почему модель можно рассматривать с Finstar Capital
zolotayaideyagoldex,На чём строится доход инвестора,Ключевые условия участия в фонде,Что даёт работа с Finstar Capital
zolotayastrategiya,На чём строится доход инвестора,Как устроено участие в фонде,Почему структуру можно рассматривать с Finstar
zolotayatema,Почему здесь есть экономическая основа,Формат участия в ЗПИФ «Золотоматы-1»,Почему эту модель выбирают с Finstar
zolotodlyakapitala,Что лежит в основе доходности,Как войти в фонд и на каких условиях,Почему модель можно рассматривать с Finstar Capital
zolotodlyazashchity,Почему здесь есть экономическая основа,Формат участия в ЗПИФ «Золотоматы-1»,Почему эту модель выбирают с Finstar
zolotoetfiligoldex,На чём строится доход инвестора,Основные условия участия в модели,Почему структуру можно рассматривать с Finstar
zolotoidohod,Как устроена логика дохода,Условия участия в ЗПИФ «Золотоматы-1»,Что даёт работа с Finstar Capital
zolotoifondgoldex,Из чего складывается доход модели,Ключевые условия участия в фонде,Почему модель можно рассматривать с Finstar
zolotoinvestgoldex,Почему модель создаёт доход,Как устроено участие в фонде,Почему модель можно рассматривать с Finstar Capital
zolotokakzashchita,Почему фондовая модель работает,Параметры участия в ЗПИФ «Золотоматы-1»,Почему модель можно рассматривать с Finstar
zolotomatyfonda,Почему здесь есть экономическая основа,Как войти в фонд и на каких условиях,Почему модель можно рассматривать с Finstar Capital
zolotomatyidohod,Из чего складывается доход модели,Параметры участия в ЗПИФ «Золотоматы-1»,Что даёт работа с Finstar Capital
zolotomatyipo,Почему фондовая модель работает,Как войти в фонд и на каких условиях,Почему модель можно рассматривать с Finstar Capital
zolotootinflyacii,Как устроена логика дохода,"Формат входа, дохода и выхода",Почему модель заслуживает рассмотрения
zolotoprisankciyah,Почему здесь есть экономическая основа,Формат участия в ЗПИФ «Золотоматы-1»,Почему модель заслуживает рассмотрения
zolotoprotivinflyacii,Из чего складывается доход модели,Как устроено участие в фонде,Почему модель можно рассматривать с Finstar Capital
zolotoprotivrublya,Из чего складывается доход модели,Как устроено участие в фонде,Почему структуру можно рассматривать с Finstar
zolotoprotivvoly,На чём строится доход инвестора,Ключевые условия участия в фонде,Почему модель можно рассматривать с Finstar
zolotovmirecen,Почему фондовая модель работает,Формат участия в ЗПИФ «Золотоматы-1»,Почему модель заслуживает рассмотрения
zolotovmonetah,На чём строится доход инвестора,Условия участия для квалифицированных инвесторов,Почему эту модель выбирают с Finstar
zolotovnestabilnosti,На чём строится доход инвестора,Ключевые условия участия в фонде,Что даёт работа с Finstar Capital
zolotovnovyhsankciyah,Почему модель создаёт доход,Как войти в фонд и на каких условиях,Почему модель можно рассматривать с Finstar Capital
zolotovperiodsankciy,Почему модель создаёт доход,Параметры участия в ЗПИФ «Золотоматы-1»,Что даёт работа с Finstar Capital
zolotovportfele,Из чего складывается доход модели,Условия участия для квалифицированных инвесторов,Почему эту модель выбирают с Finstar
zolotoyrynok,Из чего складывается доход модели,Как устроено участие в фонде,Почему модель можно рассматривать с Finstar Capital